G_sol,DeltaG_sol,volume,sol_dip,O_charges,C_charges,Most_neg,Most_pos,Het_charges,MW,SASA,LogS
-27386.0295,108.4003,306.958,2.51648,0,1.2683,-0.49662,0.40835,-1.94254,241.3536,504.5178833,-4.1
-21701.1004,1192.0051,162.73,4.52321,-1.77497,1.26482,-0.43309,0.50939,-1.9613,173.0848,310.5214844,-2.28
-27724.24,-526.5967,308.963,5.96856,-0.77653,0.42313,-0.42737,0.3702,-1.54739,286.7171,483.7244263,-3.95
-19847.028,72.8581,160.798,0.0305082,0,0.00608,-0.12934,0.04961,0,100.2034,307.255127,-4.23
-22909.238,13.9833,225.266,0.00662821,0,-0.26705,-0.13063,0.06129,0,140.268,428.4981995,-5.51
-27400.5354,309.4812,289.732,7.57849,-2.04215,0.19798,-0.77509,1.9108,-1.17459,256.319,494.6982117,-3.05
-22661.5791,77.557,174.622,7.72468,-1.53525,0.35871,-0.44578,0.52816,-1.00709,167.1208,326.756073,-1.71997
-25817.6954,-0.488,284.253,8.45737,-0.67305,0.57674,-0.43624,0.43353,-1.07431,231.2938,459.4943542,-4.001
-31796.5781,70.7894,432.915,1.65558,-0.73668,0.21825,-0.37791,0.31476,-1.32262,355.4513,645.319397,-4.347
-27135.4562,107.1125,294.375,11.6413,-2.04428,0.44937,-0.79218,1.91795,-1.69378,289.7361,468.5610657,-3.29
-28056.4341,-59.924,327.756,3.29109,0,-0.21757,-0.17987,0.20188,-0.59582,320.045,497.0978699,-7.199998
-27196.4184,-265.2876,275.477,7.31788,-1.67284,1.33018,-0.54591,0.73221,-1.82208,257.2589,452.1102905,-2
-24567.4022,-157.2692,239.811,6.06671,-1.89073,-0.78833,-0.77352,1.94471,-0.01679,249.3172,399.8743896,-3.494
-34057.2547,-380.2083,492.929,7.38697,-2.12548,0.95057,-0.43345,0.37422,-2.39142,434.5037,654.8651123,-4.9
-26885.5799,189.1935,287.073,10.115,-2.2836,-0.21647,-0.79526,1.71212,-0.88082,267.299,464.4553833,-2.43
-24092.8031,89.9817,205.369,7.78502,-1.0761,0.17791,-0.3958,0.52747,-0.9243,182.1786,378.9792175,-3.211
-19380.7182,20.6824,133.446,1.7561,-0.39429,0.12218,-0.39429,0.21247,-0.39429,88.1492,294.401123,-0.6
-26477.5673,265.807,283.361,2.37698,-1.24648,0.95732,-0.49218,0.50585,-1.94466,236.27,484.9683228,-1.83
-22306.0506,-12.1209,225.644,6.93289,-0.50693,0.48336,-0.50693,0.39313,-1.13055,190.2444,372.1828003,0.36
-22044.2512,-4.3602,190.141,2.45841,0,-0.42789,-0.08167,0.08071,-0.08167,207.0693,342.4750671,-4.4
-26204.6551,38.6536,266.609,9.21725,-3.45938,-1.19151,-0.78214,1.94553,-0.00337,283.3318,426.3872681,-1.539
-30635.2019,-225.0286,386.307,11.4632,-2.0243,0.33771,-0.79267,1.91885,-1.63746,365.8337,560.8483887,-3.78
-29127.7644,-428.7854,308.903,3.92495,0,0.83779,-0.50358,0.40166,-1.8915,252.3366,521.8492432,-1.40229
-19031.0573,16.4777,134.061,1.8231,-0.3808,0.07136,-0.3808,0.20834,-0.3808,88.1492,285.1423645,-0.24
-25379.2169,-221.5583,214.657,4.88238,-2.2233,1.16556,-0.44259,0.43945,-2.2233,210.1428,367.5466919,-0.397
-26137.0864,-485.5475,235.695,6.8592,-1.45757,-0.39512,-0.72882,1.89866,0.00966,240.1038,393.8843079,-3.509
-25912.4089,-12.9089,313.829,0.135714,0,-0.69625,-0.0708,0.07299,0,256.3464,471.7829895,-7.020001
-30767.0344,-256.2102,341.373,5.68601,-1.24108,0.35892,-0.61697,1.11115,-0.91537,298.2959,555.7894287,-4.86
-23509.084,-17.2429,230.24,1.79715,-0.32117,-0.52156,-0.32117,0.23511,-0.32117,194.2324,382.6009216,-4.73
-32116.9702,572.208,411.622,12.0976,-2.32875,1.75937,-0.46691,0.48001,-3.43715,376.3682,598.2529907,-3.68
-28253.0291,151.3897,350.636,2.67297,0,0.57579,-0.41222,0.16932,-1.04977,296.5214,531.8052979,-4.71725
-19853.4077,7.106,151.022,5.1769,-0.53111,1.35913,-0.53111,0.51376,-1.43565,116.1626,310.6023865,0.94
-26559.9897,46.2076,290.595,1.17941,-1.55421,1.23805,-0.44063,0.43688,-1.98127,249.2658,479.6381226,-1.773
-20366.6057,114.5208,153.533,2.47574,-0.32522,-0.21197,-0.32522,0.08016,-0.32522,120.1506,303.1288757,-1.6
-29507.1158,9.1158,378.289,1.89241,-1.0558,0.27842,-0.40561,0.38834,-1.28692,339.2176,554.1115112,-4.53
-20064.3344,-23.3467,142.881,3.72086,-1.1177,0.56669,-0.43928,0.39744,-1.45725,119.12,283.2250671,-0.09
-30768.8431,74.8934,366.14,5.11429,-1.22103,0.62483,-0.41239,0.38196,-1.42392,341.1902,582.737915,-3.82
-18513.0209,-34.4463,111.471,1.65919,-0.78267,0.52291,-0.45084,0.42529,-0.78267,86.0902,256.6029358,-0.22
-22534.9515,7.3747,240.324,0.0025002,0,-0.68148,-0.06419,0.06977,0,202.255,387.6643066,-6.172998
-26651.6881,-0.6037,271.151,6.61163,-0.49011,0.98042,-0.49011,0.43191,-1.58201,209.2906,473.5541382,-3.02497
-20138.9434,-23.1078,158.543,0.00963258,0,1.40917,-0.17969,0.35263,-1.40916,200.0312,279.024231,-3.92
-19885.1277,-128.9905,135.633,1.71372,-0.15247,-0.01644,-0.32493,0.19073,-0.4774,119.1226,277.8566895,-1.16
-17024.1063,-4.6302,90.1907,1.7551,-0.39424,0.15761,-0.39424,0.21246,-0.39424,60.0956,231.9210052,0.62
-21660.4608,-34.0649,157.339,7.70166,-0.76257,-0.06786,-0.39107,0.52411,-0.31275,157.5561,303.1655273,-2.55
-28628.9398,-55.2158,367.7,3.71716,-0.68836,-0.40006,-0.35907,0.23292,-0.68836,296.4084,515.0608521,-4.3
-26432.9266,22.5413,317.518,0.000362313,0,-0.18914,-0.03129,0.02764,0,198.391,561.4718628,-7.959992
-26298.2598,-3.9895,259.282,7.80162,-3.39563,-1.09796,-0.77894,1.94644,0.11394,281.316,422.8489685,-3.018
-21904.3301,19.6676,209.189,0.00506334,0,-0.09757,-0.03129,0.02766,0,128.257,402.8521729,-5.88
-23419.0402,72.9441,223.796,6.87688,-0.50872,0.81049,-0.50872,0.50897,-1.41795,198.6517,399.4962158,-2.91256
-22193.0898,-128.5955,170.033,7.04176,-1.08533,0.1328,-0.39692,0.53049,-0.55484,153.1372,327.4183044,-2.41
-24939.1744,320.4394,253.189,2.53306,-0.69068,0.20433,-0.354,0.35586,-0.78229,242.6611,405.4375916,-5.54
-23802.7242,-129.3795,183.338,8.41314,-1.50997,0.57323,-0.44168,0.52993,-1.16159,185.1113,333.4155579,-1.579
-25095.9443,532.2941,226.808,5.32846,-1.69371,0.05277,-0.84693,1.83073,-1.68687,214.2416,398.3703003,-1.98497
-18348.4091,114.2926,105.942,3.53859,-0.31677,0.21127,-0.31677,0.14204,-0.55117,92.5249,240.6867828,-0.15
-31304.3125,-432.9867,390.899,11.0265,-1.19001,0.82127,-0.47713,0.46897,-2.17122,345.3727,566.1650391,-3.912
-20789.1165,13.4644,153.947,2.93788,-0.8551,0.69107,-0.52706,0.50646,-1.21371,117.1474,311.8646545,-0.3
-17946.6905,7.7071,112.592,1.84711,-0.38348,0.08509,-0.38348,0.20929,-0.38348,74.1224,255.5167847,0.43
-22780.7775,-1303.0232,149.416,6.17676,-1.10955,-0.03873,-0.3927,0.52732,-0.58223,139.1104,295.6150818,-0.74
-23392.1962,167.4682,197.311,4.01614,-1.23414,0.34687,-0.45075,0.52902,-1.03397,180.1628,358.5602417,-1.91
-25988.223,121.0518,268.143,8.05095,-1.41003,0.41979,-0.38207,0.52672,-0.88331,235.239,431.7964783,-3.656
-24837.8475,327.8506,250.248,3.17,-0.30493,0.11957,-0.30493,0.2327,-0.80762,212.2506,424.2249146,-4.48
-29761.5679,75.9945,371.32,1.76096,-0.39428,-0.07923,-0.39428,0.21248,-0.39428,242.444,640.3154297,-7.260001
-26045.6739,-56.7936,266.363,1.94086,-0.75969,0.46566,-0.43648,0.38022,-0.75969,186.2936,476.4190369,-3.8
-19754.8788,19.2681,164.931,0.0291025,0,-0.00787,-0.09147,0.04204,0,100.2034,318.7668762,-4.26
-24406.9359,-350.1137,210.383,7.29062,-1.91384,-0.1195,-0.75693,1.96452,-0.71463,222.2364,381.27771,-2.43058
-18560.2618,-3.8526,133.77,1.78477,-0.36997,0.31558,-0.36997,0.19368,-0.36997,88.1492,275.2158203,-0.24
-25731.8173,-93.0806,266.599,2.09808,0,-0.26261,-0.12006,0.09371,-0.32832,257.5463,431.1148071,-6.21
-23321.897,-788.3102,193.525,5.50908,-0.60792,-0.02438,-0.34643,0.31696,-0.67675,173.1708,346.1882019,-2.937
-31804.8212,28.9099,446.266,0.00065966,0,-0.29894,-0.03128,0.02766,0,282.5518,751.9406128,-8.169989
-27532.3962,-46.7214,310.759,7.00315,-0.50916,0.86112,-0.50916,0.50819,-1.48545,275.1772,504.134613,-4.77
-19857.221,-25.5669,132.807,2.19534,-0.32262,-0.17991,-0.38367,0.2206,-0.70629,109.1274,276.9963989,-0.72
-28239.4518,42.3277,386.214,2.46265,0,-0.21857,-0.36016,0.17271,-0.52718,312.472,544.8123169,-2.145
-24910.1109,223.5003,223.067,5.17391,-2.23203,0.55537,-0.42657,0.53052,-1.17351,226.1452,386.506012,-2.6
-25674.9289,-689.7494,216.79,1.79162,0,0.16407,-0.06132,0.11582,-0.27991,250.3389,348.6462708,-5.654971
-18243.7199,3.3211,109.787,1.92074,-0.77776,0.39063,-0.46017,0.44211,-0.77776,86.0902,245.2653961,0.01
-21915.6725,229.8369,168.599,8.19742,-1.06395,0.12616,-0.40614,0.53208,-0.53187,153.1372,325.3274231,-1.96
-32698.7316,10.3095,467.337,7.92621,-1.42229,0.56835,-0.43065,0.35849,-1.51591,402.9169,595.6069336,-4.95
-21689.3346,21.1392,182.118,3.86527,-0.46711,0.19309,-0.46711,0.35999,-1.17632,150.1798,350.076355,-0.98
-30619.665,73.1216,386.826,4.69901,-0.86292,1.01905,-0.40701,0.46718,-1.41723,345.2248,590.1415405,-5.69
-29680.6559,212.6857,396.956,5.03313,-0.73385,-0.15602,-0.37528,0.29767,-0.73385,312.451,527.2573853,-5.66
-19003.205,-29.65,128.323,0.175214,0,-0.38655,-0.09235,0.06242,0,92.1402,269.8972168,-2.15
-23818.994,145.9471,182.463,2.8316,-1.90586,0.77809,-0.38479,0.40805,-1.90586,176.1256,339.4249268,0.239374
-23750.6922,241.0704,182.454,2.83471,-1.90588,0.77797,-0.38479,0.40806,-1.90588,176.1256,339.2073364,-0.805
-26280.826,-107.052,274.022,1.89507,-0.30906,1.12187,-0.41577,0.36799,-1.50687,209.2906,453.3644409,-2.24
-19745.1318,81.0554,132.852,2.79003,-0.20206,-0.27939,-0.29299,0.22552,-0.49505,109.1274,281.6398926,-0.74
-26435.5169,48.3249,278.462,7.23375,-1.25186,0.55445,-0.7626,1.18048,-1.41783,261.0875,443.2096558,-0.815
-22755.3591,87.9595,179.536,7.09399,-0.74907,0.03791,-0.3825,0.52442,-0.35028,192.0012,324.2919312,-3.48
-27924.1003,159.8475,308.901,5.05183,-2.23125,-0.47771,-0.77917,1.94413,-0.57648,297.3432,501.5142517,-4.473
-22371.9886,11.7772,202.973,3.18213,-0.74859,0.09563,-0.43427,0.38999,-1.08895,165.1914,356.9197998,-0.74473
-23241.4801,102.8506,238.349,0.080924,0,-0.6106,-0.07659,0.07273,0,192.2598,395.0820618,-5.89
-19904.8627,92.0369,143.647,3.48465,0,0.64414,-0.35193,0.2314,-1.13785,132.1244,281.3888855,0.02
-20117.9443,-4.9702,149.377,1.78339,-0.71879,-0.01754,-0.39089,0.23071,-0.71879,124.139,297.1837769,-0.29
-24234.3912,93.6628,292.069,0.00245331,0,-0.81316,-0.06529,0.06879,0,252.3148,442.4205322,-8.794931
-28903.9558,147.6344,350.264,10.1002,-1.18682,0.86355,-0.47725,0.46934,-2.20265,317.3191,527.6193237,-5.324
-26799.4535,76.0395,293.868,10.3953,-1.16541,0.36161,-0.45396,0.55743,-1.38963,260.2518,472.7465515,-2.81
-24594.9717,392.4624,223.789,2.54589,-0.76237,0.66767,-0.50323,0.50569,-1.14962,179.2182,414.4380188,-2.58
-31866.6735,-210.4858,372.206,7.65681,-0.76672,-0.06078,-0.59284,0.87951,-0.63097,412.0646,541.399231,-5.66
-28677.1596,-32.4723,345.944,2.94846,0,-0.17299,-0.1168,0.24639,-0.57303,354.4901,499.493042,-6.62
-25317.4015,102.261,241.129,2.84441,-0.81273,0.56075,-0.49501,0.50738,-1.23773,213.6633,431.9839172,-3.38497
-21573.0399,15.132,192.121,0.049371,0,-0.47185,-0.09389,0.0692,0,154.211,347.111145,-4.54
-25953.3181,-456.9755,282.881,3.71476,-0.85424,0.38124,-0.4815,0.50257,-1.59851,252.272,458.2911377,-4.10651
-20264.1002,-34.8556,175.715,0.0129328,0,-0.35827,-0.08146,0.06486,0,132.2048,328.6447144,-4.37
-27259.5009,-170.3836,289.684,8.74417,-1.66577,-0.062,-0.77277,1.92033,-1.01771,267.302,482.2610779,-2.44
-21991.7677,-498.7538,161.396,4.4411,-0.7715,-0.05807,-0.38575,0.52555,-0.34069,157.5561,305.4895935,-2.92
-24977.9579,96.766,265.084,4.15452,-0.45915,-0.07452,-0.45915,0.36318,-0.78242,223.2738,450.1101379,-4.235
-31270.1693,-608.2206,365.835,3.38716,-3.84738,1.70071,-0.3767,0.23373,-3.84738,342.2992,493.2972412,0.79
-17129.2558,-39.8266,97.6588,2.63574,0,0.28225,-0.35586,0.18904,-0.71064,80.089,226.633606,1.1
-28637.5219,-6.2864,335.582,5.8658,-2.31913,0.33178,-0.78568,1.89705,-1.14437,285.3574,490.5489502,-4.021
-29460.233,-307.3351,409.104,4.30644,-1.06344,0.20182,-0.37076,0.297,-1.06344,330.4662,532.7588501,-4.71
-28378.3731,29.3535,360.802,0.000465223,0,-0.22576,-0.0313,0.02766,0,226.4446,625.7022705,-8.400008
-23566.047,-11.8046,212.839,5.32529,0,0.32761,-0.22529,0.29708,-0.6313,230.9084,357.5361938,-3.76
-30144.0734,-20.7718,380.038,8.21349,-1.74305,1.26244,-0.38088,0.32793,-1.83461,352.7707,570.1123657,-4.65446
-30132.5572,-281.3996,372.577,9.94113,-1.26851,0.30167,-0.42756,0.4581,-1.39369,342.7781,561.8047485,-5.84
-20627.5763,-66.0255,138.155,4.38139,-0.36526,0.27987,-0.36526,0.21856,-0.81329,128.9858,271.3773193,-0.11
-27135.1596,-7.1739,341.431,2.3999,-0.27974,0.05268,-0.27974,0.11756,-0.67877,380.9126,449.0848389,-6.29
-26180.1369,30.2122,277.411,2.36537,-0.44342,0.43773,-0.44342,0.29168,-0.80958,215.353,442.8586121,-3.4
-19424.7469,-0.1754,153.189,1.88435,-0.38032,0.11739,-0.38032,0.2066,-0.38032,102.176,291.6720581,-0.62
-20109.4886,-43.9572,141.08,2.21323,-0.48742,0.3948,-0.48742,0.43112,-1.17782,122.1262,288.7565308,0.61
-24328.5811,-263.6322,195.122,8.13776,-1.50494,0.45713,-0.44018,0.52607,-1.03885,201.5659,347.6925964,-2.66815
-22037.2882,-266.4271,165.285,2.89214,-0.7557,0.62354,-0.37996,0.26137,-0.7557,118.1754,344.4158325,-0.43
-17486.2895,-22.3779,88.2046,3.11434,-0.7568,0.49839,-0.43902,0.38089,-1.10803,75.067,221.2525482,0.521792
-18429.484,-12.4364,118.125,1.81694,-0.38075,0.18551,-0.38075,0.15658,-0.38075,86.1334,258.708252,-0.03
-28271.3473,50.936,292.477,4.48474,-0.38767,0.26918,-0.19414,0.11581,-0.59947,321.9744,448.1057434,-8.770062
-29902.5873,263.6522,416.699,3.74451,-1.12681,0.45094,-0.44295,0.3684,-1.12681,330.4662,554.5235596,-5.18
-24715.5703,112.5944,216.013,0.0051142,-1.5074,1.12579,-0.43385,0.38323,-1.5074,174.1962,403.8544312,-0.959
-16750.8523,-46.2186,77.2092,4.49247,-0.49439,0.3755,-0.49439,0.3628,-0.86723,59.0676,209.3953094,1.58
-22154.9495,-14.4603,188.762,2.20626,0,-0.43029,-0.07432,0.07637,-0.07432,207.0693,336.5732727,-4.35
-26995.5921,198.872,292.564,4.53619,-1.65241,1.40578,-0.47161,0.4367,-2.43817,250.2536,467.513855,-0.918
-28966.3916,-506.8286,287.738,12.2943,-3.08973,0.44045,-0.77861,1.90816,-1.72519,331.2841,453.0450439,-3.02
-18509.6884,-0.3583,145.711,0.0186762,0,-0.11447,-0.0187,0.01095,0,98.1876,290.4169312,-3.52
-16422.0147,4.3108,85.6188,2.01559,0,-0.0296,-0.06201,0.03241,-0.06084,62.1294,217.2097015,-0.6
-30521.1225,-127.8554,327.189,6.28674,-0.8503,0.22193,-0.55129,0.73205,-0.69724,274.3907,535.8725586,-4.23
-29691.1652,28.234,351.537,3.88397,-1.46103,0.91702,-0.41907,0.42905,-1.46103,278.3474,579.3273926,-4.33587
-23280.3357,-2.7037,237.104,0.144136,0,-0.60306,-0.09439,0.0758,0,192.2598,397.0338745,-5.85
-20915.534,49.1028,151.387,6.07147,-0.79033,-0.12957,-0.39971,0.53031,-0.62048,138.1256,295.538208,-1.96
-26186.1154,634.2917,280.647,8.85804,-1.18863,0.85825,-0.47797,0.46955,-1.63408,261.2521,436.6315002,-3.7326
-22236.0669,-16.4192,206.05,8.62256,0,-0.22402,-0.2114,0.33007,-0.22459,189.2344,346.7327271,-2.07
-26734.4477,-1065.3229,223.278,5.48115,-2.2366,0.6105,-0.76124,1.39029,-0.84631,182.1559,412.8551636,0.43
-23728.5106,70.8569,261.283,4.81216,-0.53253,0.90381,-0.53253,0.50758,-1.39619,198.3076,436.5383911,-2.36
-26709.4704,395.9113,284.361,5.50555,-0.79469,0.4862,-0.48269,0.36472,-1.40494,232.2816,483.4728394,-5.094
-20064.4754,-239.5581,131.064,0.892129,0,0.26137,-0.08346,0.34483,-0.26137,144.3877,255.1771545,-2.17
-24554.95,45.8232,265.602,2.76217,-0.8469,0.84387,-0.47556,0.49763,-1.61834,218.2548,432.7621155,-1.795
-30703.4085,-191.7895,376.117,5.82818,-1.97167,1.29556,-0.76954,1.99899,-1.80016,316.4176,577.2781372,-4.16
-25350.8889,10.7975,256.784,4.74615,-0.81309,1.14969,-0.5169,0.5083,-1.70848,228.6779,444.2149048,-2.56
-21218.4165,294.4614,206.564,3.28398,-0.3388,0.09352,-0.3388,0.27345,-0.3388,152.2358,338.0643311,-1.95466
-20863.3055,-5.0694,211.631,1.74066,-0.37184,0.03289,-0.37184,0.20716,-0.37184,154.2516,340.9176636,-2.32
-32235.3306,-251.188,374.448,2.67758,0,0.262,-0.0668,0.11006,-0.48172,429.7718,521.6300659,-9.159894
-28902.441,-61.3206,342.103,8.79864,-1.54415,-0.40326,-0.77475,1.90557,-0.66066,312.404,533.2980957,-3.74
-19312.9484,25.8439,133.681,5.56977,-0.50936,0.38605,-0.50936,0.39416,-0.79701,109.1274,277.9747314,0.96
-25564.9756,-8.6549,255.83,5.82087,-2.74235,-1.20452,-0.82498,1.94518,0.14744,267.3324,418.5163269,-1.348
-28836.5544,57.5702,318.462,4.7063,-1.26285,0.27793,-0.39922,0.53234,-0.92616,314.1244,505.0493469,-5.906
-20358.569,95.9728,145.246,4.18078,-0.4767,0.15225,-0.4767,0.4054,-0.81123,121.1384,301.1521912,-0.68
-21962.158,54.3417,188.07,2.57443,0,0.03294,-0.25289,0.1252,-0.25289,134.6485,367.2807617,-3.99
-26536.7923,-57.7623,285.144,9.71288,-1.56336,0.1303,-0.7849,1.91527,-1.35197,264.3014,476.6925049,-2.82
-26954.8647,-8.0559,287.773,5.32539,-1.21287,0.52989,-0.46987,0.36809,-1.80219,246.2652,465.104248,-2.31
-31611.7519,446.3877,428.581,4.31858,-1.1917,1.39524,-0.47642,0.46912,-2.79827,392.4046,584.5751343,-3.3711
-24056.3473,141.5954,209.81,0.33216,-2.23296,0.6425,-0.38706,0.21889,-2.23296,182.173,360.1988831,1.09
-29044.6407,190.5951,383.895,1.77274,-1.32001,0.91701,-0.39161,0.31194,-1.69988,331.4108,552.9794312,-1.959
-22280.1857,-151.0158,182.506,8.78266,-1.60555,-0.43795,-0.80504,1.90613,-0.75543,172.2014,343.5537109,-1.38663
-18341.0382,36.3526,125.437,3.11244,-0.36569,0.20104,-0.36569,0.26314,-0.36569,86.1334,279.8872375,-0.28
-24403.9673,31.5166,257.595,8.47413,-0.80955,0.50554,-0.40779,0.42945,-1.17874,217.267,427.0641174,-2.167
-31553.6753,-983.1564,375.567,7.34481,-1.17977,1.04387,-0.47581,0.46946,-2.33726,349.3364,552.3091431,-5.639
-18707.7356,-6.7036,115.599,2.01072,-0.76612,0.38351,-0.44739,0.38527,-0.76612,88.106,259.8746643,-0.19
-22563.7361,94.8786,183.196,2.44117,-0.75199,0.37849,-0.43934,0.35901,-1.16861,149.2074,337.9596558,-0.42
-24632.4991,-201.5958,272.344,4.96871,-0.51432,0.06515,-0.51432,0.50598,-1.1907,236.2726,439.9343567,-3.07931
-18781.6148,-17.6028,112.06,5.18649,-0.76378,0.04452,-0.38467,0.47084,-0.29294,89.0938,252.7227478,-0.62
-20265.1927,-11.4708,173.685,1.85525,-0.38323,-0.06568,-0.38323,0.21056,-0.38323,128.2138,322.7430725,-1.29
-21707.1809,-205.6481,172.551,8.21621,0,0.65122,-0.56822,0.30322,-1.23978,132.2232,339.4888916,-1.46
-28018.4958,82.267,364.43,3.81394,-0.72592,-0.01707,-0.38395,0.28891,-0.72592,288.429,496.0800476,-4.06153
-27065.1416,40.8176,336.249,4.72827,-0.50982,0.35191,-0.50982,0.50914,-1.29952,268.3578,527.4960327,-3.35
-22517.3652,-13.5565,211.614,4.0809,0,-0.17201,-0.36968,0.24763,-0.74126,173.217,385.3661804,-0.938
-35582.2284,-49.5348,560.301,5.36806,-2.11857,0.91598,-0.41507,0.37358,-2.11857,460.6094,727.8582153,-5.51
-26761.4893,126.8051,292.907,2.01084,-1.23134,1.07297,-0.47028,0.43552,-1.66726,235.2822,486.0928955,-1.229
-30558.1716,18.7521,390.715,2.06551,-1.05534,0.1914,-0.40548,0.38837,-1.19499,428.1196,567.260437,-4.93
-18107.6415,-18.0693,95.6045,3.78682,-0.73251,0.50258,-0.42382,0.37364,-0.92875,94.4975,222.8913269,0.944261
-33208.6488,792.647,384.604,0.00491409,-0.34241,0.7095,-0.17123,0.11082,-0.70951,459.7548,518.993042,-12.790485
-24595.7866,830.5752,204.225,2.6617,-1.67046,1.39077,-0.44346,0.37314,-2.41829,176.1718,386.9068298,-0.112
-20015.3963,3.3474,152.81,1.77718,-0.36972,0.08901,-0.36972,0.20662,-0.36972,102.176,298.6975403,-0.38
-24800.9253,-851.3269,203.368,5.54967,-0.28523,0.27444,-0.28523,0.1973,-0.52106,211.4749,351.4087219,-4.29
-27939.7015,-431.9484,297.654,3.65416,-0.97586,0.89105,-0.3945,0.49456,-1.47922,286.114,475.6845703,-4.93
-24802.8695,27.4587,257.818,5.90076,0,0.14554,-0.39152,0.23321,-0.68516,253.1411,421.462738,-4.0552
-28540.4745,-96.673,380.516,7.7167,-0.91184,0.92919,-0.46112,0.39336,-1.74127,312.4108,546.2084961,-3.193
-25305.3078,-16.6296,297.161,0.692647,0,-0.81416,-0.07298,0.07206,0,252.3148,458.2511292,-8.230032
-27478.5811,68.2436,293.977,1.89059,-1.19565,0.81515,-0.45311,0.43647,-1.59058,235.2822,488.8417358,-2.759
-21897.9015,-262.8559,177.102,8.1299,0,0.08476,-0.56082,0.29945,-1.12536,152.2136,337.3738098,-1.77
-25754.448,-487.4321,226.037,4.4674,-0.2778,0.36774,-0.2778,0.19435,-0.53501,245.92,371.6450806,-5.26
-17440.1769,30.2446,82.9983,3.45366,0,0.07428,-0.18589,0.07725,-0.18589,55.0792,217.0012817,0.28
-18464.3228,33.7871,119.884,4.48727,-0.47706,0.80203,-0.47706,0.36796,-0.91421,87.1212,264.636322,1.11
-27024.194,39.545,318.572,1.92157,-1.18138,0.90891,-0.44186,0.4365,-1.59721,261.32,504.3084106,-2.542
-25783.8129,-62.0678,274.906,5.65947,-0.63803,0.7585,-0.47829,0.50597,-1.16931,218.3134,446.6631165,-1.62
-27217.9264,260.6614,303.537,0.683305,-0.7773,-0.07706,-0.46152,0.44936,-1.1469,253.3,513.734375,-6.042
-23251.5592,-78.3029,194.358,3.38662,0,0.07121,-0.07549,0.10479,-0.28047,215.8938,327.7150574,-4.63015
-26307.7454,-5.3037,326.246,0.145438,0,-0.94068,-0.05955,0.06938,0,278.3526,495.5426636,-7.869988
-27753.1552,52.5519,382.626,4.18987,-0.73706,0.00087,-0.37218,0.29783,-0.73706,302.4558,504.6696472,-3.97988
-18738.8882,21.2638,113.116,2.4038,-0.32457,0.0421,-0.32457,0.24143,-0.64473,95.1006,249.2917633,1.02
-28903.0744,-208.6249,333.542,5.64021,-3.16286,-0.78088,-0.79724,1.90594,-1.05002,327.3724,526.576416,-2.759
-27180.4909,-1090.7804,267.748,9.01368,-1.57657,-0.36381,-0.79648,1.91068,-0.96898,249.2868,445.4780273,-2.81913
-27185.3713,-14.4224,292.728,5.62711,-0.69827,0.80478,-0.47885,0.51482,-1.40451,245.2804,492.2848816,-2.09
-16213.0719,5.4739,97.2087,1.33496,0,0.44538,-0.41055,0.14857,-0.41055,59.1108,231.6235657,0.84
-18992.9355,19.5481,135.828,2.54645,0,-0.22504,-0.39994,0.19745,-0.79971,108.1426,280.3762817,-0.42
-24912.8652,675.9772,210.976,5.32047,-2.26311,0.68275,-0.73711,2.02126,-1.53749,196.2208,405.4348145,-1.038
-23378.6766,73.4482,212.551,4.32356,-0.83401,0.55539,-0.53455,0.50337,-1.56269,180.206,399.1862183,-2.17
-26664.115,67.6079,281.456,2.30208,-1.18755,0.94444,-0.44723,0.43662,-1.6141,233.2664,462.1484375,-1.568
-25673.9083,-1377.4925,227.099,2.50335,-0.43274,-0.05191,-0.21658,0.09455,-0.54082,218.6391,391.8879089,-5.87
-23108.2085,-45.2976,227.151,0.0979119,0,-0.52273,-0.1001,0.0855,0,180.2488,389.6563416,-5.22
-19787.6833,132.2303,115.44,8.4877,-0.91803,0.88797,-0.50038,0.50001,-1.65067,102.0926,263.699646,-0.9
-32531.7173,26.146,414.576,1.76081,-0.39429,-0.11582,-0.39429,0.21249,-0.39429,270.4976,703.4942627,-8.400008
-17761.3976,-5.7378,118.516,0.00460291,0,0.23921,-0.3679,0.13581,-0.73558,86.1364,258.3045959,1.07
-23542.6363,214.6412,189.81,3.64549,0,-0.17014,-0.05051,0.09342,-0.10801,314.8017,325.346344,-5.054741
-18432.3557,19.2427,107.202,0.956247,0,0.16124,-0.2298,0.11768,-0.39181,89.5243,242.634552,-0.29
-25421.721,2.2227,293.702,0.0944579,0,-0.7386,-0.09682,0.07655,0,242.3196,453.4184265,-6.589999
-27420.9845,-129.2369,295.767,10.2564,-1.85649,0.31849,-0.78491,1.91561,-1.58137,280.3008,491.038208,-2.58
-18635.5793,88.4582,112.988,2.80946,-0.32008,0.02868,-0.32008,0.23255,-0.62016,95.1006,249.175705,-0.46
-19973.1011,-4.9258,133.73,8.79232,-0.72611,0.64939,-0.41943,0.37253,-1.2824,128.0902,272.2751465,0.083568
-30591.8557,-208.2405,395.854,8.4007,-1.45063,1.77639,-0.4784,0.4704,-2.58241,361.3721,564.1416016,-1.2655
-18455.5897,-308.5729,88.3793,2.8582,-0.86699,0.73385,-0.5269,0.50734,-1.22565,75.067,226.4566956,0.97
-36867.088,-90.268,607.368,3.39663,-0.73918,-0.49211,-0.37902,0.21095,-1.11642,471.6814,850.286499,-4.871
-22822.2999,90.1506,242.92,1.0778,0,-0.67798,-0.09036,0.07454,0,202.255,398.3213806,-5.945064
-25062.7357,719.1812,250.16,7.20439,-0.61106,0.3501,-0.44951,0.39827,-1.06057,223.2306,424.4527893,-4.61
-32751.1315,-120.978,408.038,5.80795,-1.48404,0.72846,-0.42106,0.42538,-2.26457,372.8073,612.8497314,-4.55319
-27360.8708,23.8567,325.74,2.4482,-1.20044,0.52417,-0.42846,0.52815,-1.34278,295.297,506.9263916,-3.8
-22687.0332,-80.6528,201.085,5.70323,-1.79271,0.78712,-0.4171,0.37605,-1.79271,186.164,342.9440613,-0.27
-25527.5761,35.6552,313.492,0.268027,0,-0.81996,-0.06121,0.06977,0,276.3368,460.6960754,-9.030118
-23633.3689,-10.0364,240.242,0.0537749,0,-0.60471,-0.10968,0.07669,0,192.2598,409.2254028,-6.959999
-27401.4196,377.5132,298.626,4.42866,-1.9271,-0.73519,-0.78038,1.94422,-0.27373,281.3438,486.0562134,-4.449
-24472.0764,-3.478,261.711,0.0442956,0,-0.72055,-0.09921,0.08709,0,216.2818,431.3045959,-8.040005
-25522.5138,107.0407,297.522,0.355459,0,-0.81203,-0.07714,0.07153,0,252.3148,462.9644775,-8.489991
-29561.4675,16.4996,432.361,5.85004,-0.74304,0.07475,-0.38799,0.30078,-0.74304,340.5046,552.105896,-5.27
-31722.835,-201.2128,403.851,12.287,-3.07985,0.02999,-0.77708,1.90856,-1.69633,421.4085,595.7062378,-3.59
-16004.4556,-39.8553,68.8962,0.151016,0,0.14203,-0.2883,0.14233,-0.55022,46.0718,197.1527557,1.34
-26600.9989,56.7214,275.235,2.54135,-0.75882,0.52524,-0.50215,0.50148,-1.20392,225.305,475.9816589,-2.09
-26562.0196,193.2799,275.167,3.77424,0,1.6966,-0.46872,0.42157,-2.10816,229.7119,471.7125244,-4.06
-29887.7863,144.6126,385.322,2.92547,-1.12243,0.40823,-0.40097,0.39377,-1.54121,324.3786,596.2441406,-3.73
-29093.6743,237.3272,322.825,3.10963,-1.72613,0.64799,-0.39091,0.67144,-1.3729,328.2039,507.5221863,-5.22
-22091.5711,11.6037,208.018,0.0115441,0,0.00909,-0.14308,0.05559,0,128.257,368.6878662,-5.05
-30447.1654,-71.0099,359.57,2.64609,-1.38039,0.68396,-0.51454,0.5096,-1.76637,301.3414,602.6848755,-4.69948
-24578.8891,74.4611,262.21,0.185741,0,-0.72583,-0.10019,0.08464,0,216.2818,425.7159424,-6.679999
-19638.4081,3.189,136.574,2.70442,0,-0.29985,-0.32046,0.2154,-0.49328,108.1426,285.6184692,0.07
-31249.0677,-338.3682,390.244,8.29407,-0.78914,0.75875,-0.41891,0.36315,-1.36366,311.8509,569.6134644,-4.1915
-26985.2563,-133.601,282.721,3.91033,0,-0.18071,-0.08069,0.10435,-0.27073,291.9914,442.2168274,-7.160001
-27983.135,78.8601,327.205,1.76103,-0.39427,-0.04257,-0.39427,0.21247,-0.39427,214.3904,577.6259766,-6.105868
-27938.5305,87.2884,312.659,4.10287,-0.75392,0.53129,-0.45457,0.2957,-1.13566,253.3586,524.4295654,-3.93
-37046.6869,27.1605,577.321,0.000194806,0,-0.4088,-0.03129,0.02765,0,366.7126,951.7295532,-8.330032
-21872.3075,-160.5968,182.346,3.06566,-0.74678,0.4235,-0.43308,0.39033,-1.60977,155.156,325.6269531,-0.56543
-18309.3401,199.1407,107.402,4.76456,-0.47161,0.44583,-0.47161,0.37086,-0.87283,85.1054,248.3931122,1.07
-32135.7449,921.6984,405.777,7.86387,-1.50513,0.75868,-0.56823,0.96374,-1.52687,345.3927,605.788147,-4.19
-20310.1005,16.9747,140.017,2.59346,-0.32444,-0.11883,-0.32444,0.23434,-0.44278,128.5579,282.5514526,-0.7
-23232.4062,-246.5161,217.423,0.0400513,0,-0.17927,-0.06801,0.02764,0,140.268,397.4005127,-6.08
-19210.6026,0.7191,138.352,1.8212,-0.38359,0.01329,-0.38359,0.21038,-0.38359,100.1602,280.6763,-0.44
-19485.6499,-28.3436,143.8,2.49518,0,0.0134,-0.30206,0.0904,-0.30206,107.1548,290.56604,0.38
-28966.3991,-86.4111,298.369,2.20292,-1.24361,0.8553,-0.58853,1.08085,-1.12993,322.53,459.7139282,-4.82
-17629.1216,-45.5306,92.8374,4.14116,-0.50154,0.26673,-0.50154,0.41428,-0.87458,71.0786,229.4373322,0.970115
-27867.0012,-336.1304,272.577,2.89481,-0.39656,0.17388,-0.19892,0.10892,-0.60908,287.5293,431.7147217,-7.596665
-11814.1944,-2.1118,49.1373,0.000301296,0,-0.32628,-0.16315,0.16316,0,26.0378,153.3953247,0.29
-25896.6935,-20.2463,263.182,3.82882,-1.07705,0.4608,-0.44202,0.44017,-1.48397,250.2012,426.2732239,-4.114
-26294.505,1.5378,306.89,2.72236,-0.6669,0.25314,-0.36114,0.25299,-1.36613,256.3036,480.0740051,-2.6
-28507.2244,23.6942,393.265,1.27227,-0.3602,-0.12417,-0.37352,0.20031,-0.73372,301.471,563.4611206,-1.815
-19473.0528,99.1217,145.638,2.52351,0,0.04142,-0.31468,0.09345,-0.31468,107.1548,295.6008911,0.38
-19034.5116,72.6768,111.603,4.59283,-0.49497,0.07371,-0.39348,0.37711,-0.49497,96.0854,251.094162,-0.1
-34235.1922,-1544.6405,391.784,10.7667,-2.25896,1.16099,-0.46761,0.50534,-2.00347,346.339,548.0637817,-4.63622
-25328.3652,-21.8857,239.307,4.99567,-1.11209,0.65394,-0.42632,0.36229,-1.33785,243.6643,381.9944153,-2.61
-25934.3404,-87.9523,256.906,6.52449,-3.4091,-1.08576,-0.7858,1.9491,0.11313,281.316,423.7268982,-3.671
-28491.6552,563.3401,322.651,5.80538,-2.56058,-0.31628,-0.78868,1.78842,-0.88397,308.3082,519.1553955,-4.489
-24639.6975,-756.941,208.041,7.04708,-1.31204,0.48931,-0.51119,0.52105,-1.51669,198.1378,387.242157,-2.92
-29343.915,42.6474,364.306,3.76106,-0.60913,0.2386,-0.30484,0.24671,-0.9723,345.6523,550.27948,-6.589107
-19121.9644,-13.7222,106.894,8.18413,-0.71485,0.37858,-0.47466,0.63942,-1.22504,104.0682,245.2675476,-1.37
-29593.9202,173.1842,339.51,1.18581,-1.57057,1.03471,-0.49902,0.51016,-2.18231,300.3134,572.0317383,-4.789885
-24131.1861,15.4871,239.238,4.5059,-0.74293,0.1824,-0.43085,0.39044,-1.40991,205.2158,398.8522644,-1.407
-23862.3066,0.634,276.246,0.0029075,0,-0.81013,-0.05921,0.07232,0,228.2928,441.3423767,-8.59998
-28179.171,-240.9379,312.597,10.1041,-3.46855,-1.36131,-0.79775,1.94942,0.03089,319.3648,492.1851501,-3.027
-27622.5383,142.7648,304.123,1.26495,-1.57023,1.15261,-0.44513,0.43642,-1.98432,251.2816,489.1829224,-1.367
-36665.5355,836.9046,523.084,3.90869,-1.46088,0.82277,-0.4191,0.42904,-1.46088,390.5618,773.0043945,-6.639999
-19374.2175,1.8428,152.585,1.82548,-0.37141,0.10931,-0.37141,0.20763,-0.37141,102.176,293.6345825,-0.41
-29536.9634,70.3233,352.782,7.10539,-1.17971,1.05163,-0.47572,0.46944,-2.35958,335.3096,530.4804077,-5.269
-25712.1283,125.1064,262.808,3.25783,-0.76249,1.01334,-0.50321,0.50588,-1.48923,208.2596,449.6387634,-2.36
-38013.0504,110.3085,521.912,3.92768,-1.91419,1.51126,-0.44645,0.37786,-2.95492,467.348,699.114624,-1.45272
-20129.0897,15.8967,165.818,0.00511588,0,-0.061,-0.03129,0.02766,0,100.2034,340.0371704,-4.53
-31665.7189,-410.1788,420.293,2.4604,-1.09772,0.2641,-0.42944,0.36183,-1.09772,340.4614,579.336731,-4.79
-22084.5678,-153.6569,182.025,6.20352,-1.81744,0.55394,-0.378,0.21723,-1.81744,164.1578,320.2976379,-0.17
-23705.1737,-18.1794,212.267,3.44962,-1.07032,1.14447,-0.53652,0.52801,-2.61212,186.173,396.4159546,-1.948
-26828.2114,15.5351,319.28,4.94093,-0.43121,0.53553,-0.43121,0.3672,-1.13092,246.3516,476.7664795,-1.55
-32834.5252,-120.7184,385.218,7.75324,-1.41069,1.07412,-0.54797,0.76246,-1.67355,367.8016,565.5169678,-5.23
-30246.8244,-27.8151,375.323,2.01132,-0.76616,0.16463,-0.44751,0.3852,-0.76616,256.4276,643.2553711,-6.809999
-20295.2615,-28.8886,137.277,4.7241,-0.47819,0.5388,-0.47819,0.43421,-1.30435,123.114,281.4981995,-0.74
-21731.8433,-417.1537,148.124,7.25615,-1.09242,-0.04104,-0.39886,0.52854,-0.56388,139.1104,288.7661743,-1.74
-28265.3732,-95.6323,323.663,7.02108,-2.69701,0.26421,-0.81266,1.79035,-0.90666,286.3422,524.5583496,-3.42
-30771.9161,-34.8207,378.576,4.06748,-1.45929,0.6404,-0.41893,0.42902,-1.45929,312.3646,604.6594238,-5.649453
-27327.1031,469.7775,289.545,2.38349,-0.26943,1.79474,-0.51158,0.42642,-2.43552,225.293,491.2127075,-2.48
-26991.1694,-153.8187,315.649,3.30898,-0.46716,1.12574,-0.46716,0.44144,-1.79242,268.3176,480.7107239,-2.86
-18521.9576,-0.0295,117.505,1.87326,-0.32946,-0.24685,-0.32946,0.22933,-0.32946,94.1128,257.9651184,0
-25104.4474,87.0315,265.744,5.86693,-1.11589,1.18222,-0.4914,0.51323,-1.53108,211.2602,443.2851563,-0.85
-28563.0403,-122.1543,310.61,2.0893,0,-0.03444,-0.09487,0.10394,-0.44289,326.4365,471.3568726,-7.39
-28614.6344,-29.9947,326.948,7.52288,-0.74135,0.72745,-0.51245,0.50627,-1.64754,290.7487,537.6580811,-4.89
-19809.0382,-53.6627,139.251,1.84357,-0.32958,-0.18262,-0.32958,0.22983,-0.32958,108.1396,289.1115417,-0.7
-21404.7484,3.9094,175.696,3.36996,-1.09752,0.19123,-0.4338,0.36308,-1.09752,152.1494,330.9116211,0.050732
-24336.2696,-119.4099,193.241,3.3287,-1.44611,1.12405,-0.40312,0.37742,-1.44611,160.1694,386.0081177,-0.82
-23072.2964,-0.7256,217.808,6.57281,-0.73454,-0.28512,-0.36783,0.50712,-0.22742,187.1976,368.846344,-4.272
-24286.3094,-248.3108,241.513,3.19063,0,-0.3804,-0.11553,0.07967,-0.23104,223.1012,400.2556458,-5.27
-24005.1715,36.3073,214.869,2.48807,0,-0.30005,-0.2174,0.07279,-0.18718,185.243,378.7547302,-4.6
-21036.507,187.494,152.966,4.00765,-1.52782,0.75839,-0.44637,0.38704,-1.52782,132.1158,307.7828979,1
-29113.5195,157.6312,334.439,12.558,-1.88592,0.068,-0.7592,1.88589,-1.04092,309.3392,516.9658813,-3.59
-24178.1169,70.295,235.415,4.16382,-0.58656,0.02337,-0.46151,0.45335,-0.909,201.2244,415.3181763,-3.3
-23951.7186,-968.8947,196.43,0.00309177,0,0.07647,-0.07408,0.1099,-0.29613,215.8938,332.5701599,-5.512673
-18898.6558,8.737,131.801,3.25385,-0.36145,0.09422,-0.36145,0.25781,-0.36145,98.1444,275.7168884,-0.6
-29669.7644,-127.2989,305.084,4.71129,-1.23475,0.60503,-0.60689,1.06591,-0.97828,321.5422,471.4962158,-5.72
-29658.9571,95.9582,355.138,3.38285,-0.74501,-0.18649,-0.43143,0.37453,-0.8649,329.8003,546.2109375,-4.966
-19835.9401,-15.5149,132.209,1.64714,-0.77408,0.48984,-0.45068,0.42437,-0.77408,100.117,288.3949585,-0.74
-28706.6027,-135.9865,339.239,9.01631,-2.37507,0.12215,-0.78674,1.91525,-1.64755,338.7649,514.914917,-3.38927
-20104.0651,16.896,143.152,1.67772,0,-0.25879,-0.38869,0.19768,-0.38869,107.1548,295.324646,-0.85
-26446.7197,134.0921,266.56,9.0696,-1.56192,-0.39518,-0.785,1.90662,-0.79862,253.2752,456.2866821,-2.77844
-28274.5763,481.7233,311.298,7.58145,-2.04178,0.24625,-0.77484,1.91061,-1.17423,270.3458,524.9182739,-3.39
-23917.7529,-92.8769,244.546,7.60081,0,0.33957,-0.16531,0.10543,-0.95172,290.8314,374.2933655,-4.51
-19766.6539,8.925,138.692,1.91005,-0.75438,0.55267,-0.44095,0.37057,-0.75438,102.1328,297.3306885,-0.55
-29547.2568,-453.4549,362.691,8.69494,0,0.24167,-0.28143,0.17384,-1.02616,343.2146,534.538269,-4.08
-19444.8693,-46.5025,140.25,2.33152,0,0.31937,-0.37072,0.13513,-0.72472,100.1632,278.4187622,0.74
-19157.2066,62.1763,109.318,2.87509,-0.8583,0.69961,-0.5267,0.50668,-1.21721,89.0938,257.760376,0.85
-24287.635,152.5286,229.449,4.60247,-0.74863,0.58645,-0.45873,0.40811,-1.40661,192.217,413.1203613,-2.138
-25692.6807,126.2036,272.416,5.12951,-1.52266,1.24822,-0.43944,0.43804,-1.90283,235.239,458.7335205,-0.495
-22016.2122,18.8196,203.131,0.01067,0,-0.24878,-0.13074,0.06129,0,126.2412,391.3174438,-5.05
-18494.1584,-19.3519,111.683,5.0942,-0.77241,0.04389,-0.38778,0.47116,-0.30125,89.0938,258.3860779,-0.8
-33700.1411,89.0542,443.742,9.05842,-1.54816,1.38213,-0.47906,0.42323,-2.74635,371.4352,712.0881958,-1.845
-23052.891,24.0793,255.294,0.00104951,0,-0.5585,-0.06926,0.07144,0,206.2866,413.1112061,-6.570001
-26299.7312,122.3317,318.559,2.26975,0,-0.24508,-0.365,0.15915,-0.72999,240.3474,525.7734985,-1.206
-17042.3933,0.5195,101.837,2.54901,0,-0.10021,-0.31547,0.08957,-0.31547,79.1012,235.5770264,0.76
-25090.7689,-108.8554,262.088,0.834605,0,-0.54418,-0.27466,0.2171,-0.05756,225.3076,440.8222351,-4.353
-21249.4297,19.301,186.879,0.0177296,0,-0.05279,-0.0884,0.0416,0,114.2302,362.655365,-5.08
-27954.3705,-97.0392,323.69,4.2101,0,-0.24423,-0.17831,0.20613,-0.58442,320.045,486.3045959,-6.509999
-27070.0453,25.8249,334.086,0.997322,-0.34453,0.27323,-0.39704,0.21159,-1.56594,301.295,484.7045898,-3.37
-18646.4417,-44.2026,121.739,2.15298,-0.36657,0.16159,-0.36657,0.14345,-0.36657,86.1334,265.5760498,0.11
-25611.6029,159.7801,265.687,5.62447,-1.01739,0.24533,-0.37295,0.23356,-1.36508,211.2602,447.662323,0.14
-25576.0398,-262.9525,244.827,4.92916,-0.51411,0.89566,-0.51411,0.50785,-1.41911,212.6785,424.4339905,-3.46
-33149.5088,442.5987,356.523,4.38904,-2.26784,1.47863,-0.50859,0.7464,-2.01926,330.3503,560.1901245,-3.36264
-26292.3703,23.9233,293.625,4.86065,-0.51792,0.30088,-0.51792,0.50472,-1.26526,232.3248,483.2529297,-4.11
-26912.8058,-34.5039,261.321,5.12438,-2.21744,0.34629,-0.77034,1.38225,-0.83519,210.2095,463.5078125,-1.087
-19080.0478,11.1638,134.317,1.84137,-0.38327,0.06628,-0.38327,0.20912,-0.38327,88.1492,286.0352478,-0.29
-19842.5051,4.269,145.351,2.55882,0,0.00195,-0.29912,0.09088,-0.29912,107.1548,298.2058105,0.38
-27906.8155,-21.5334,312.947,3.90573,-0.65586,0.10539,-0.3693,0.23048,-1.21413,248.3242,509.825592,-3.85453
-27074.7328,267.5544,269.771,11.9116,-3.11466,-0.11872,-0.78705,1.92331,-1.14982,297.7309,431.7575989,-2.6939
-32111.1993,389.5792,420.226,8.62189,-1.82629,1.50191,-0.38629,0.43263,-2.19013,383.4,604.5792236,-4.11
-35082.3601,-86.2324,475.367,4.60425,-0.94054,0.13377,-0.41098,0.40124,-1.19917,416.303,696.9781494,-8.019997
-16230.6358,4.8071,88.6938,2.60842,0,-0.40923,-0.17539,0.2276,-0.17539,67.0902,221.2260284,-0.17
-23409.0047,30.2828,238.158,0.127916,0,-0.60034,-0.11074,0.07764,0,192.2598,403.2672424,-5.84
-28542.6888,-128.0975,339.877,3.57415,-0.45518,1.70142,-0.45518,0.66488,-2.40267,322.2891,505.2969666,-4.21
-19918.6697,13.8806,131.45,0.00120707,-1.52022,0.77974,-0.44455,0.38833,-1.52022,118.089,281.1311035,-0.2
-27266.5931,-198.4251,286.887,3.63313,0,-0.14229,-0.10669,0.09201,-0.40115,291.9914,449.7205811,-7.250001
-24782.569,683.5414,209.995,9.00349,-2.21686,0.86054,-0.43428,0.52117,-1.69569,211.1306,357.9763184,-1.00776
-19917.8627,2743.5255,117.164,5.22389,-0.7696,0.57649,-0.42721,0.41633,-0.7696,88.106,266.1540527,-0.49
-16810.4092,0.639,91.2748,1.87459,-0.38541,0.09846,-0.38541,0.20951,-0.38541,60.0956,227.4402924,0.43
-18763.4694,-47.3616,111.95,3.95366,-0.27088,0.006,-0.28116,0.24745,-0.44359,99.089,256.4689331,-0.07
-21481.55,-148.465,166.359,6.74362,-1.59118,-0.48593,-0.79767,1.90334,-0.38204,157.1868,322.3204956,-1.56
-25788.0131,22.2005,296.46,0.917422,0,-0.80984,-0.08522,0.07236,0,252.3148,456.5586243,-8
-25448.735,-59.5882,279.406,1.52446,-0.58077,0.46568,-0.41861,0.38131,-1.00093,239.7011,439.1204224,-2.34
-23591.1359,18.6844,223.259,5.06916,-0.74307,0.74447,-0.43251,0.34949,-1.44399,181.1938,397.626709,0.46
-25793.8209,-109.7985,285.633,2.79405,0,-0.75623,-0.3721,0.20458,-0.3721,243.3074,449.0122375,-6.2
-19752.2112,-114.9568,136.472,4.14845,-0.36361,0.29381,-0.36361,0.36467,-0.73307,133.1828,268.7313538,-1.77
-28250.9804,-1047.0051,307.358,2.10575,-1.20816,0.32753,-0.43533,0.52823,-1.3164,281.2702,484.7434692,-3.79244
-26635.7302,-162.2325,278.263,9.41866,-1.54026,-0.50549,-0.77316,1.90093,-0.66642,269.3358,465.1863709,-2.909
-21644.6333,18.5361,160.743,5.82145,-0.77147,-0.05503,-0.38639,0.52742,-0.33916,157.5561,307.4826965,-2.77
-20850.5615,250.0562,133.857,2.17126,-0.75779,0.31212,-0.44342,0.39068,-0.80067,199.9758,274.8725891,-0.43
-24247.7838,-1634.5046,201.959,7.24786,-0.43348,0.6063,-0.46512,0.40761,-1.36544,170.2288,360.8569336,-2.15
-20768.4834,9.7273,165.073,3.5319,0,0.67746,-0.35181,0.23235,-1.1222,146.1512,315.3018494,0.06
-23933.2781,-16.2547,214.486,6.41685,-1.13265,0.41721,-0.38577,0.55559,-1.07404,185.1822,365.9491272,-0.737
-18918.8363,-8.0547,134.565,1.67035,-0.38703,0.22028,-0.38703,0.20962,-0.38703,88.1492,274.461792,-0.4
-31425.1846,-374.5251,358.571,1.80621,0,0.16776,-0.08118,0.11225,-0.49197,395.3267,500.2772827,-7.919987
-18508.6415,9.5592,115.531,2.06763,-0.76112,0.41046,-0.44475,0.39285,-0.76112,88.106,256.9899597,0.28
-26839.1646,-0.3771,248.807,8.34288,-2.59305,1.0924,-0.73797,1.37801,-1.61716,223.1651,431.7197876,0.65
-26207.0532,11.8489,283.387,7.12338,-1.66424,1.92507,-0.47123,0.51347,-2.84381,254.245,448.808075,-0.17
-23295.7981,449.523,218.059,3.34373,0,0.06354,-0.28048,0.07231,-0.56039,172.2292,379.7961121,-1.367
-26401.3928,4.827,285.32,0.75734,-0.14401,0.09561,-0.14401,0.11019,-0.49088,305.975,444.0482788,-8.860121
-24165.5809,-66.6276,236.051,8.35114,-0.89334,0.66447,-0.49484,0.49948,-1.62868,184.2376,406.6899719,-2.747
-24762.1108,-378.3487,244.103,1.36249,0,-0.38611,-0.12085,0.08135,-0.24168,223.1012,408.7530212,-5.8
-24868.1316,250.1728,267.342,2.7835,0,0.77309,-0.41606,0.1977,-1.07983,240.4142,423.8071289,-3.9
-30758.0938,21.7881,412.082,3.82374,-0.92929,0.01501,-0.33813,0.34251,-1.0563,366.8433,583.5130005,-5.93
-23477.5966,-233.9982,216.593,5.59855,-2.1742,-0.58731,-0.8181,1.91032,-0.26388,208.2314,381.743103,-1.265
-25748.7762,-81.1353,304.128,0.085531,0,-0.76326,-0.09464,0.07426,0,254.3306,468.8218689,-7.850011
-19794.5506,8.6673,166.289,0.0279046,0,-0.10169,-0.06176,0.03838,0,112.2144,313.0468445,-4.28474
-22840.5428,55.5128,216.291,2.99395,-0.37318,-0.00766,-0.37318,0.20528,-0.73608,165.2346,374.9756165,-0.385209
-30419.3837,59.4979,380.899,1.86261,-1.17776,0.96949,-0.44049,0.4364,-1.59685,291.3894,573.6387329,-3.561
-21699.0226,13.3319,178.11,4.58158,-0.27753,0.57735,-0.27753,0.58525,-0.95717,174.1221,325.0786438,-1.155
-18401.2097,-315.7989,110.902,2.41205,-0.81301,0.67527,-0.40668,0.38434,-1.15578,99.089,252.2284851,0.3
-32910.452,790.1995,422.068,9.24832,-1.55924,1.16355,-0.49013,0.42196,-2.72549,357.4084,679.2984009,-2.686
-23966.3804,-125.9462,243.651,7.78378,-1.62821,-0.97973,-0.81415,1.79302,0.16481,218.2698,409.4877319,-3.64378
-21780.5802,73.4714,185.036,0.0183843,0,-0.05785,-0.07491,0.03725,0,114.2302,353.259552,-5.16
-29736.9322,23.0307,314.693,8.54342,-2.00156,0.4314,-0.61228,1.07172,-1.01866,291.2581,505.1948242,-4.28517
-29641.2706,55.2199,362.704,2.45655,-1.92713,1.1401,-0.44013,0.43665,-2.33839,295.3346,546.5578613,-1.178
-30200.8933,-228.784,382.09,4.91131,-0.43268,0.46696,-0.43268,0.36844,-1.12092,288.432,561.5986328,-3.2241
-30591.1729,-431.6537,327.299,6.53395,-2.13971,0.81597,-0.73087,1.08569,-1.48642,287.3283,527.0456543,1.14
-20529.522,339.199,150.401,2.56805,-0.83021,0.63863,-0.51525,0.5002,-1.19022,117.1474,303.9588623,0.1
-15695.3019,-4.8815,68.6461,1.76526,-0.39445,0.17675,-0.39445,0.21211,-0.39445,46.0688,198.7638855,1.1
-30236.8615,55.9785,321.364,4.51923,-1.23651,0.43055,-0.60616,1.0668,-0.7976,412.9937,484.1624146,-6.62
-17018.9295,-16.3884,91.1289,2.73987,0,0.28843,-0.3181,0.19145,-0.34342,73.1124,222.7493286,-1
-26381.6898,-39.2947,330.203,0.00380603,0,-0.95486,-0.05857,0.0726,0,278.3526,498.8189392,-8.659953
-21386.1551,-11.0234,208.723,3.27487,-0.33584,0.10587,-0.33584,0.29521,-0.33584,152.2358,345.7841492,-1.85
-26929.7818,323.6221,299.603,4.74659,-1.07766,0.36369,-0.40742,0.36181,-1.18962,274.7031,471.4883118,-4.18
-30941.4359,-141.1606,361.609,1.15443,-1.93409,1.69637,-0.44274,0.4365,-2.34357,295.3346,570.2907104,-1.573
-25807.6179,-48.1909,268.72,6.19978,-0.42503,-0.22832,-0.42503,0.40592,-0.65756,323.1326,454.1054382,-4.21
-24690.9041,46.7162,238.601,6.09407,-0.68177,0.80328,-0.49558,0.51381,-1.45995,214.6511,419.4556274,-2.57
-26474.5898,212.5811,250.252,4.17583,-0.66182,0.28275,-0.33149,0.49944,-0.28275,295.3365,379.5791016,-5.82
-23049.7282,11.5707,204.295,2.32598,0,-0.14534,-0.06847,0.04767,-0.06847,226.1,386.1509705,-4.81
-26541.2517,151.7499,305.059,3.8969,-0.75527,0.0367,-0.4376,0.38237,-0.92904,271.3332,474.8783569,-3.94
-21116.773,29.2561,184.189,4.45616,-0.44654,0.28138,-0.44654,0.36476,-0.7932,149.192,350.3041687,-0.95
-22872.4609,-311.769,188.079,6.77514,-1.59062,-0.43683,-0.79738,1.9031,-0.38163,171.2136,352.6403198,-1.74
-27040.5476,-39.5368,263.862,8.54504,-3.48317,-1.12765,-0.79233,1.94932,-0.08105,283.3318,425.5738831,-1.276
-22391.3479,8.5097,193.128,3.51149,-0.74176,0.24316,-0.43536,0.44189,-0.97618,173.1708,350.6038208,-1.088
-19938.3482,40.2211,151.234,1.5214,0,-0.12059,-0.40344,0.21975,-0.40344,119.1658,302.4699707,-1.04
-26830.3243,12.5099,330.612,3.36593,-1.18065,0.51892,-0.45866,0.34943,-1.5596,263.3358,515.0195313,-2.12
-26543.3398,38.218,284.689,1.76102,-0.39427,-0.00593,-0.39427,0.21247,-0.39427,186.3368,514.579834,-4.67
-28023.0769,-188.4084,312.2,10.6819,-3.45969,-1.35924,-0.79605,1.94935,0.04011,319.3648,490.9535522,-2.719
-25207.2151,-21.1893,252.077,2.28213,-0.89342,1.27318,-0.41513,0.48606,-1.64924,261.064,419.3155518,-2.82
-23795.8665,87.3613,240.037,3.8859,-1.49663,0.71264,-0.43808,0.39777,-1.49663,200.234,368.2471619,-1.42
-22655.5729,29.6778,194.394,2.56069,0,-0.00807,-0.21758,0.08067,-0.21758,179.0995,374.1331787,-4.43
-23796.447,62.6458,236.878,0.0480832,0,-0.407,-0.10035,0.06431,0,162.2742,431.4335632,-5.21
-30981.4774,-92.3453,434.654,6.06086,-0.38186,0.04554,-0.38186,0.21136,-1.0786,365.4922,610.4122925,-3.98
-26472.836,-13.8517,266.13,1.64408,-0.98417,-0.38023,-0.32943,0.23242,-0.98417,228.247,455.6004639,-4.34008
-20801.3247,47.5558,147.973,3.45263,-1.53067,0.77592,-0.45601,0.44409,-1.53067,130.1,289.5830994,-0.224117
-31826.2305,8.2879,388.419,1.07095,0,0.22776,-0.09415,0.12554,-0.22776,474.64,491.0958557,-7.279998
-29073.0951,92.1903,336.544,6.80473,-2.0459,0.64297,-0.39471,0.51895,-1.02875,296.2792,488.0612183,-4.47
-32546.5513,82.898,491.582,2.67809,-1.3982,0.3537,-0.39061,0.37878,-1.34169,416.5744,621.0525513,-1.77
-16445.7893,-18.9548,79.7311,2.46838,-0.78008,0.32977,-0.39009,0.21318,-0.78008,62.0682,212.9897308,0.08
-16238.5024,2.1734,68.8081,4.90377,-0.7815,0.10312,-0.39077,0.46819,-0.31331,61.0402,194.7361908,0.26
-32196.8624,459.6297,403.878,10.4789,-2.53897,0.12533,-0.77974,1.91622,-1.69831,364.4154,616.4642334,-4.118
-26600.6697,-64.8855,264.732,7.89975,-3.47223,-1.17743,-0.78829,1.9457,-0.0206,283.3318,430.7380066,-1.65
-23454.4834,39.3914,257.266,0.00354834,0,-0.43665,-0.08226,0.06467,0,208.3024,417.2818298,-5.96
-35019.6269,-369.3892,422.893,9.3761,-2.91785,1.53328,-0.76333,1.92173,-2.51527,414.8197,591.0168457,-4.58
-20911.747,-384.2633,147.484,6.77185,-1.64649,-0.42976,-0.82345,1.58458,-0.06191,122.1818,298.9619751,0.04
-26559.9717,183.6175,298.605,8.33866,-0.94161,0.44485,-0.42777,0.4314,-0.94161,244.2896,480.2110596,-4.31
-27891.4666,-28.6959,272.714,6.16438,-0.82074,0.70828,-0.495,0.51247,-1.47964,258.1036,482.6130981,-4.37
-17402.1954,-20.0914,89.6292,5.04751,-0.77389,0.06172,-0.38862,0.47028,-0.30361,75.067,225.0167236,-0.22
-26822.6874,-198.4022,250.535,10.4237,-1.30213,0.93446,-0.55677,0.73557,-1.47414,229.2485,418.383606,-0.74
-28823.394,-14.3927,336.833,6.2413,-1.1415,0.56386,-0.48082,0.36944,-1.86554,266.3394,559.5146484,0.04
-25058.9438,177.6151,257.841,6.37238,-0.43598,0.40178,-0.43598,0.36414,-0.98941,211.6907,415.09021,-2.48
-29521.771,51.9908,355.246,4.02287,-1.45514,0.97122,-0.41968,0.42873,-1.45514,278.3474,528.6466675,-4.68418
-25690.8534,-20.3818,262.407,6.35986,-1.19495,1.03342,-0.47912,0.47017,-1.74014,232.2384,430.7677612,-3.55212
-31936.7844,-544.0053,404.481,5.07207,-1.60521,-0.46112,-0.85244,1.11955,-0.69884,356.4109,595.541626,-2.3777
-18181.0958,10.9868,99.7327,4.03087,-0.39747,0.17378,-0.39747,0.33869,-0.39747,70.0908,242.0624695,0.32
-21479.2526,19.1297,174.043,5.04523,-0.51995,0.27171,-0.51995,0.51148,-1.35834,151.1676,343.3278198,-2.33
-25001.0055,-140.3493,239.895,6.33947,-1.96575,-0.14595,-0.76601,0.97825,-0.9875,214.1573,392.6046753,-3.078
-25055.5043,232.3097,229.806,5.74804,-2.30463,0.56534,-0.34991,0.58759,-1.12979,236.1378,388.528595,-2.63
-28802.0829,45.8898,355.392,10.3559,-0.40435,0.0998,-0.40292,0.25398,-0.90722,302.3754,540.2636719,-3.54
-37012.1123,-94.6416,523.99,3.87591,-1.46084,0.77047,-0.41901,0.42904,-1.46084,390.5618,836.0983887,-5.11
-25598.7929,-51.4223,276.027,10.4098,-1.65355,-0.89177,-0.82682,1.80146,-0.57558,248.299,450.8642578,-2.92725
-29851.5724,274.8997,324.003,1.17481,-2.34292,1.29664,-0.44606,0.43671,-2.71247,283.2804,494.1686401,-1.268
-19070.8854,0.3747,133.694,1.81493,-0.37118,0.10731,-0.37118,0.20645,-0.37118,88.1492,275.2727051,0.08
-29878.5718,531.1871,324.355,7.39655,-1.5661,1.01559,-0.53637,1.08024,-1.53707,299.2807,512.6303711,-3.35
-28011.0675,-66.0175,315.682,2.3452,0,-0.02711,-0.09762,0.10315,-0.44915,326.4365,453.7156677,-7.32
-17697.3668,-10.4528,89.3494,0.00475104,-1.37167,0.82614,-0.39073,0.41309,-1.37167,90.0354,214.8625793,0.38
-27801.3932,-951.9162,288.023,4.76534,-0.69338,0.78257,-0.45849,0.43562,-1.68815,255.2756,465.3400879,-3.04
-19492.9057,-332.0403,128.422,2.34266,0,-0.25367,-0.12493,0.07824,-0.12493,112.5585,268.0572205,-2.39474
-19634.989,-5.8535,135.23,3.30004,-0.39285,0.14363,-0.39285,0.22922,-0.70946,109.1274,283.4125061,0.96
-28756.2765,-21.9911,335.084,3.35427,-0.43794,0.58867,-0.43794,0.29242,-0.89274,304.6615,499.9893799,-4.88
-24235.8667,46.5137,241.203,1.76115,-0.3943,0.03067,-0.3943,0.21248,-0.3943,158.2832,452.0536499,-3.63
-21987.1598,-10.1627,175.934,3.47768,-1.00283,0.44209,-0.3855,0.35207,-1.00283,152.1494,333.8753967,-1.15489
-22682.8867,-350.7549,220.09,0.000930975,0,-0.66563,-0.05914,0.07177,0,178.233,375.3824768,-6.436607
-14589.4761,-19.5958,68.8482,0.082652,0,-0.18216,-0.20965,0.16608,0,40.0646,192.7748261,-0.41
-24314.9063,-15.5521,245.205,4.36195,-0.91198,0.85281,-0.46676,0.44785,-1.63844,216.239,403.1767273,-3.745
-29172.8069,-92.0832,338.389,4.34814,-1.05403,0.63034,-0.49162,0.42557,-1.47901,285.342,557.9008789,-3.46
-26787.2336,227.9117,277.433,2.94291,0,1.56088,-0.47782,0.42328,-2.20463,240.6949,471.2407837,-3.15
-27663.2214,-215.5719,277.855,4.72341,-1.66534,2.04912,-0.51157,0.51527,-2.49322,230.2632,479.051178,-0.729
-16676.9419,6.6728,84.0597,3.02726,-0.37866,0.24918,-0.37866,0.30179,-0.37866,58.0798,218.4291077,0.58
-25280.6511,106.6805,252.126,0.0043383,-0.42356,0.07918,-0.21184,0.09578,-0.63646,253.0842,417.5188293,-7.830002
-23931.8295,-113.1992,238.141,5.30792,-0.87536,1.11167,-0.45134,0.49774,-1.55394,216.6669,393.5438538,-2.48
-27403.3714,-137.3667,261.376,2.41379,-0.61679,0.76484,-0.30861,0.21183,-0.83537,275.9462,405.8174133,-5.2395
-26861.3031,199.5814,305.806,4.89638,-1.09115,0.31653,-0.39038,0.23369,-1.42973,239.3138,489.1960144,-1.16115
-30212.8332,-82.505,386.279,9.67494,-2.00543,0.00582,-0.78565,1.91632,-1.35676,365.8337,582.8840942,-3.63977
-25588.9035,-154.1965,237.047,4.52491,-2.05145,0.68531,-0.7537,1.12869,-1.16733,257.4376,379.1217346,-0.338
-22186.832,-292.5737,205.124,0.00140052,-0.44262,-0.18329,-0.22132,0.08101,-0.44262,184.194,367.7046509,-5.324741
-27973.0936,-51.6793,318.502,4.7329,-2.46435,0.88194,-0.39136,0.26236,-2.46435,286.281,483.4530029,-0.85
-28227.4501,-37.3508,351.209,2.51476,-0.35168,0.07776,-0.35168,0.26848,-1.26722,331.2006,512.3446045,-4.38
-22817.8002,-50.9614,198.14,2.35799,0,-0.5545,-0.21183,0.07446,0.05721,254.0698,345.1220703,-4.55
-24886.817,-124.3011,238.833,4.21646,0,0.40318,-0.21617,0.12237,-0.64775,267.9292,376.2914124,-5.43
-20729.6219,5.3661,183.315,0.0477278,0,0.02156,-0.14434,0.05636,0,114.2302,332.1702881,-4.74
-21496.245,4.5033,205.709,0.102629,0,-0.58372,-0.10024,0.08697,0,166.222,366.9496155,-4.967883
-23090.5159,-1.9062,183.924,7.62696,-1.08574,0.20729,-0.39554,0.52739,-0.93391,168.1518,344.5445251,-3.165
-17901.3299,-130.5829,104.201,0.481284,-0.79822,0.71723,-0.39916,0.31033,-0.79822,76.095,245.8567657,0.48
-27551.6198,-248.0248,297.342,9.6726,-3.50106,-0.99103,-0.79904,1.96347,-0.39234,303.3042,484.4169312,-2.403
-23216.4116,-61.9447,219.915,2.41185,0,-0.5197,-0.12246,0.0796,-0.12246,188.6561,385.3089905,-4.88
-25354.3048,-679.279,222.431,6.96643,-1.84991,-0.59383,-0.76381,1.94253,-0.38827,230.256,389.1110535,-2.503
-22852.0226,42.7647,196.629,3.67177,-1.2214,1.01472,-0.45963,0.39143,-1.73473,160.1724,368.3148193,-0.2
-26895.461,-274.9013,271.609,6.01468,-1.69066,1.35315,-0.52644,0.50619,-2.40485,218.2522,456.7039795,-1.73737
-26602.7564,-17.4575,299.934,6.57443,-0.75369,0.46612,-0.43793,0.46448,-1.27406,244.2926,484.1565247,-4.74
-26768.2447,-173.7041,306.422,3.31798,-0.47426,0.75585,-0.47426,0.44216,-1.73502,266.3018,469.3535767,-3.19
-23473.6656,-60.911,197.753,9.69227,-1.2424,0.33538,-0.45142,0.52856,-1.03775,180.1628,366.1656799,-2.69
-18784.7552,-94.9905,122.675,1.51434,0,0.06463,-0.37111,0.13295,-0.37111,85.1486,264.5419312,1.07
-19547.3543,4.2177,144.366,2.40375,0,-0.06358,-0.29612,0.08991,-0.29612,107.1548,299.5603333,0.51
-26430.0824,-518.8437,222.528,2.31075,-0.31595,-0.15803,-0.31595,0.25279,-0.28269,370.9158,364.4846802,-3.61
-19706.817,16.1844,159.992,2.26274,0,0.32432,-0.35904,0.13368,-0.70894,114.19,303.8217773,0.49
-22949.8662,-76.6448,183.267,3.89711,-0.75799,0.04698,-0.37947,0.52629,-0.37636,192.0012,326.0992737,-3.2
-20164.9668,74.8159,144.649,2.60686,0,0.01785,-0.31267,0.09039,-0.31267,107.1548,287.8059998,0.36
-27916.7999,59.5749,370.083,3.01663,-0.73393,0.05444,-0.37237,0.2599,-0.73393,290.4448,500.9659729,-4.74
-26649.1018,32.8058,300.44,5.84803,-1.00744,-0.01245,-0.3868,0.3505,-1.00744,254.2848,497.7084961,-5.699
-25313.1589,-360.6375,241.491,11.0752,-1.5915,0.98769,-0.43519,0.52084,-1.77697,238.1592,428.0778809,-3.357
-31593.2276,145.059,399.254,10.6336,-1.25848,0.64619,-0.54954,0.73488,-1.47256,367.8448,587.0915527,-4.43
-23667.6065,-164.7016,229.693,1.74537,-0.52129,0.03582,-0.26065,0.22442,-0.72367,184.2376,396.1569519,-2.39
-29813.7437,54.7619,311.397,4.52537,-1.23537,0.55549,-0.60653,1.06631,-0.92721,365.9932,473.4260559,-6.09
-25711.2721,170.9086,253.307,4.89116,-1.53818,1.05794,-0.44036,0.43808,-1.88015,221.2122,441.4270325,-2.401
-26603.8447,58.7811,292.43,1.63715,-1.18733,0.82036,-0.44455,0.43644,-1.5673,235.2822,479.1242065,-2.866
-20026.5286,15.4368,175.758,0.038146,0,-0.04608,-0.13648,0.0589,0,112.2144,321.4995422,-4.48
-28389.2438,-326.448,385.175,1.58952,-0.37375,-0.26446,-0.37375,0.20851,-0.46121,306.5054,506.5923157,-5.41
-24635.7405,138.671,229.773,3.48306,0,1.53515,-0.48271,0.42316,-2.10459,201.6583,424.7978516,-4.55
-28723.1102,-30.7276,325.812,3.48499,-1.43951,1.06914,-0.37105,0.67697,-1.74104,322.2433,477.0557861,-5.47
-28365.1962,-40.0089,308.761,1.40906,-0.13566,0.2087,-0.13566,0.12646,-0.51253,340.4201,461.7752991,-9.159894
-27991.0902,69.0652,362.07,3.39485,-0.92026,0.51124,-0.38364,0.20977,-1.3039,313.3956,535.4877319,-0.82
-34565.0793,-58.6426,484.528,3.5609,-1.23167,0.24396,-0.36785,0.2303,-1.82635,406.4804,714.3943481,-4.2557
-29194.6996,359.6373,355.686,7.51454,-1.19619,1.26452,-0.47961,0.46998,-2.31761,319.3349,523.4669189,-2.81581
-19786.7549,466.417,144.769,2.45316,0,-0.00218,-0.28727,0.07937,-0.28727,107.1548,301.6196899,0.45
-23534.3858,-121.0932,226.218,5.06189,-0.75839,0.35686,-0.41512,0.20595,-1.17351,181.234,383.6253357,-0.73
-26887.0602,846.8205,288.791,3.19792,-2.26005,-0.64783,-0.78093,1.94492,-0.60974,283.3164,469.9644165,-2.861
-14188.6487,-8.2821,47.5521,1.77946,-0.40477,0.20731,-0.40477,0.21419,-0.40477,32.042,163.7472229,1.57
-24924.6786,327.8988,234.411,6.18932,-0.7602,1.43855,-0.40843,0.36377,-2.46728,209.2072,419.1392212,-1.078
-19973.3768,2.8463,172.037,1.85102,-0.36955,0.13619,-0.36955,0.20516,-0.36955,116.2028,307.7576294,-0.72
-30020.3092,-15.8742,346.348,0.00862177,-1.51878,1.01011,-0.43674,0.38023,-1.51878,258.357,588.9633789,-3.509
-30072.7659,584.7653,344.625,1.36133,-1.26165,1.77799,-0.48302,0.53906,-2.53178,330.17,549.4558105,-4.38
-35105.8454,-782.2942,420.856,0.00288135,0,0.41518,-0.04367,0.05179,-0.41517,498.662,538.4028931,-11.69897
-24370.6285,1057.0766,225.043,7.2019,-0.86198,0.85706,-0.49144,0.50243,-1.72105,237.0959,383.9838562,-2.68
-32987.0409,-400.9839,412.625,5.82211,-2.71635,0.18846,-0.78792,1.91158,-1.89276,398.3924,639.9875488,-6.1367
-19500.6628,8.2743,130.119,1.64202,-0.76256,0.47818,-0.446,0.38474,-1.11326,103.1206,277.8470154,1.08
-28047.6038,-101.7301,309.616,8.60469,-0.39452,1.09673,-0.39452,0.66229,-1.84694,312.1183,475.7996216,-4.05
-29489.6498,-55.2188,406.417,1.86339,-0.74389,-0.00689,-0.384,0.25922,-0.74389,316.4826,538.7544556,-4.65
-22431.7798,-57.7534,198.151,0.055453,0,-0.29146,-0.19803,0.16647,0,124.2254,389.1593018,-4.24
-28871.3908,162.8083,291.309,7.05379,-1.99173,0.57449,-0.60236,1.07119,-1.06228,297.6496,466.964447,-4.31
-22823.6291,293.6778,175.041,5.13702,-1.51807,0.34408,-0.43815,0.52153,-0.99654,167.1208,326.3497314,-2.751
-27782.2114,-161.1584,299.728,0.00496652,-0.3886,0.31701,-0.19433,0.10387,-0.73067,321.9744,458.9794006,-9
-31879.6564,-37.2796,373.945,9.24553,-2.79707,0.27139,-0.81769,1.68269,-1.78275,356.2202,554.6566162,-2.15
-28876.3371,112.4197,355.476,7.82307,-2.03585,0.23169,-0.7735,1.90899,-1.27279,311.3982,560.3925781,-3.68
-28705.2254,-170.5204,336.876,5.07182,-1.05186,0.87728,-0.45109,0.43705,-1.4257,265.3516,558.2868652,-2.71
-26395.3715,208.6744,266.401,6.56308,-1.80896,0.1771,-0.38347,0.53134,-0.74759,240.2152,430.6572876,-3.38
-25243.9626,65.8122,212.866,1.76315,-2.47936,0.3373,-0.37115,0.53416,-0.87843,229.1056,364.2069702,-2.83
-20566.9457,-7.0644,155.681,1.9817,-0.75457,0.35991,-0.4373,0.38886,-0.75457,116.1596,310.3088989,-0.81
-26224.8145,57.135,292.934,2.35946,-1.13172,0.25459,-0.42964,0.38988,-1.30868,255.2726,469.7142944,-3.259
-19094.2942,1.5866,144.275,1.27016,0,0.29928,-0.38838,0.14877,-0.38838,99.1754,284.8764954,0.23
-18268.3749,4.7829,121.493,1.68807,0,-0.31979,-0.38848,0.19769,-0.38848,93.128,264.9863281,-0.41
-23857.1914,903.0764,184.847,5.19492,-1.95659,1.17759,-0.41284,0.44662,-1.95659,184.105,336.2214355,-1.099
-27515.6103,-30.3503,353.329,3.22058,-0.65962,-0.43602,-0.32983,0.22923,-0.65962,270.3706,521.5394897,-4.43
-16964.4873,7.4304,97.9943,5.05956,0,-0.07622,-0.16783,0.11053,-0.33559,80.089,226.7317352,1.1
-18285.8828,-9.0927,119.551,9.39409,0,0.54359,-0.56943,0.28894,-1.23193,102.1538,257.8528137,-0.71
-26372.6927,-5.578,317.002,3.12923,-0.6715,-0.19866,-0.34112,0.2909,-0.6715,266.339,473.1344604,-5.24
-18908.5652,73.0631,113.09,5.36332,-1.14591,0.40218,-0.3866,0.21685,-1.14591,92.0944,253.8322601,1.12
-28544.405,-17.1339,393.73,0.00339719,0,-1.30278,-0.07877,0.12127,0,320.433,571.0219116,-7.8
-23651.9063,-69.8674,215.279,0.00496708,-0.58146,0.48628,-0.29079,0.19766,-0.76881,207.056,378.5614014,-4.41
-34943.1573,-208.836,539.509,5.98549,-2.135,0.87661,-0.42753,0.39553,-2.135,444.5668,681.0559082,-4.58
-19113.1857,5.148,132.719,1.77032,-0.39367,0.14557,-0.39367,0.21275,-0.39367,88.1492,284.5550537,-0.52
-23250.2674,109.3606,232.788,0.00332867,0,-0.79322,-0.06735,0.06785,0,180.2488,414.450531,-5.790116
-19439.7368,4.5776,148.642,3.11898,-0.36085,0.25476,-0.36085,0.26927,-0.36085,100.1602,288.8748474,-0.72
-24330.7108,-41.329,226.275,10.422,-2.0501,0.03278,-0.79953,1.90459,-1.17445,214.2386,406.4898376,-1.61
-21052.2606,37.6022,158.138,6.50485,-0.76862,-0.12975,-0.38576,0.51968,-0.24894,137.1378,304.9303894,-2.31988
-28544.2707,184.4146,306.836,5.23003,-1.25339,0.26018,-0.62456,1.06504,-0.75438,278.3205,489.5580139,-4.57
-21684.8972,127.1302,166.674,2.31426,-0.76425,0.459,-0.38999,0.21395,-0.76425,118.1754,345.4157715,-0.42
-26336.6364,28.7731,289.122,2.01089,-0.76613,0.23781,-0.44746,0.38517,-0.76613,200.3204,516.1068726,-4.62
-29426.9619,36.3048,414.473,4.25859,-0.34289,-0.39788,-0.36357,0.23401,-0.52063,337.4608,546.5248413,-5.508497
-26500.3968,-40.4588,325.604,0.0430653,0,-0.70664,-0.07619,0.07455,0,268.3574,493.0027161,-7.939529
-30467.2791,-40.8474,416.799,7.54484,-1.78688,0.57394,-0.37871,0.30629,-1.78688,360.4492,542.6033325,-3.85
-25004.466,158.9855,262.764,3.08957,0,1.86775,-0.46316,0.40555,-2.01097,213.3,435.1781616,-2.68
-29489.2557,-68.4428,350.334,2.2504,-1.41676,0.96171,-0.39297,0.67502,-1.3878,333.2665,502.1311951,-6.12
-31686.4771,224.7053,433.92,4.19706,-0.73301,1.02585,-0.45488,0.42435,-1.82779,343.468,690.2358398,-3.79357
-24763.7918,77.5351,266.584,5.01343,-0.5175,0.7694,-0.5175,0.50693,-1.30734,206.287,459.3612061,-3.52058
-21986.1343,5.0445,180.239,3.17093,-0.85862,0.38826,-0.52571,0.50644,-1.2168,151.1646,346.4043579,-0.35
-26733.4156,20.2557,293.976,5.45794,-0.75268,0.08641,-0.4366,0.38957,-1.10945,273.7183,480.2770081,-4.6983
-22462.7759,2.7765,215.254,0.0505857,0,-0.3887,-0.10036,0.06433,0,148.2474,399.2201538,-4.64
-32567.031,-9.0799,412.626,0.96603,-1.40078,1.03142,-0.39067,0.67458,-1.67803,421.7351,552.2970581,-6.779999
-25595.9588,-73.3324,293.049,7.56446,-0.47957,0.43434,-0.47957,0.4168,-0.91604,230.309,473.0056152,-1.908
-26710.1591,228.8354,266.073,2.44007,-0.26885,1.82665,-0.51049,0.4271,-2.44475,211.2662,469.1613159,-2.08
-33499.609,-31.8407,432.981,0.00549942,-1.51729,0.93789,-0.43653,0.38019,-1.51729,314.4642,697.3864746,-3.72126
-24585.5206,38.5309,238.211,3.03581,-0.12342,0.65894,-0.42866,0.36184,-1.81252,215.214,415.0334167,-3.946
-21469.747,-79.0253,188.548,9.73183,0,0.65535,-0.4291,0.25654,-0.97564,162.2674,326.1749268,-2.13
-24617.4432,-62.4046,246.891,2.50987,-0.75719,0.59622,-0.49846,0.50171,-1.1454,193.245,420.4823303,-2.86
-26549.3837,15.5865,331.896,3.89299,0,-0.13234,-0.10426,0.11721,-0.41805,364.9132,444.6987915,-6.56228
-21713.136,-3.3332,170.338,2.61235,-0.68545,0.05843,-0.38984,0.21604,-0.68545,138.1658,337.5655518,-0.70497
-24519.8001,-97.0618,220.703,0.00379931,0,-0.1163,-0.03295,0.1061,-0.09578,393.6978,357.5531921,-6.98
-19718.0869,-6.9882,156.852,1.84216,-0.38551,0.00528,-0.38551,0.21049,-0.38551,114.187,303.473999,-0.88
-29901.3706,-26.0981,368.608,2.58684,0,-0.36804,-0.18495,0.20706,-0.36776,307.262,566.0355835,-7.04
-18385.6908,46.9648,101.519,8.66765,0,0.55427,-0.46649,0.45884,-1.45003,84.0804,237.5818176,-0.31
-27253.8008,-16.1089,304.712,3.34756,-0.45321,0.38619,-0.45321,0.29514,-0.93499,257.7775,498.3285828,-3.934
-27133.247,85.2293,323.18,4.13273,0,1.85516,-0.44573,0.41509,-2.10487,257.7655,495.3308105,-4.41
-26147.851,598.5237,295.779,2.9913,-0.47542,0.87969,-0.47542,0.44396,-1.52828,253.303,462.6045837,-3.32
-19025.3648,-70.2838,129.106,0.00389226,-0.65668,-0.10952,-0.32837,0.23032,-0.65668,110.1122,272.7980347,-0.17
-31717.7068,27.8101,418.47,2.01068,-0.76612,0.12802,-0.44744,0.38519,-0.76612,284.4812,706.7457886,-5.68
-28581.8654,-158.1515,318.92,8.49671,-1.84005,0.47739,-0.7891,1.909,-1.68427,294.3276,513.7689209,-2.54
-18454.4481,12.3252,110.451,1.87189,-0.75625,0.45863,-0.44325,0.35946,-1.08901,89.0938,249.7532501,0.271842
-30235.3549,-88.0882,379.727,5.09391,-1.05129,0.84179,-0.45101,0.43704,-1.42516,293.4052,620.9702148,-3.84
-27335.6518,-416.2234,284.846,9.77263,-1.56398,0.08534,-0.78525,1.91568,-1.33956,264.3014,467.1244202,-2.8209
-27057.257,95.8245,316.959,2.96172,-1.23656,0.74759,-0.47126,0.50476,-2.01375,282.2982,494.5052185,-4.469
-35558.7999,34.1608,484.977,4.15948,-0.93042,0.35563,-0.41014,0.40204,-1.38654,434.2935,727.7011108,-7.339998
-21342.5316,-13.3757,156.965,5.11505,-0.46489,0.35547,-0.46489,0.42329,-1.22611,137.1408,312.944458,0.01
-30323.0586,501.9401,375.871,6.57764,-1.17955,1.19141,-0.47578,0.46942,-2.37888,349.3364,559.234436,-5.312
-16429.943,-6.3845,73.3921,2.04585,-0.77127,0.41601,-0.45239,0.3778,-0.77127,60.0524,201.3168182,1.22
-32224.0754,313.0029,400.188,7.78514,-0.94084,0.90147,-0.41321,0.3368,-1.96004,449.2472,618.815918,-3.523
-24590.767,-120.7291,248.094,5.45656,-1.92771,-0.87209,-0.78002,1.94606,-0.12262,251.333,407.9810486,-2.594
-24285.4465,-402.8883,195.198,2.34604,-1.50092,0.45258,-0.42358,0.52728,-1.0375,201.5659,342.1032104,-1.74811
-28711.1285,58.0907,322.093,5.50886,-1.63757,1.27572,-0.46275,0.43657,-2.4213,276.2914,508.2062073,-1.045
-25698.3923,-65.2737,265.31,10.0453,-2.23779,-0.74552,-0.8027,1.81099,-0.4268,250.2686,420.0766296,-3.319
-24014.9397,106.2037,231.239,1.22778,-1.54793,1.19619,-0.49631,0.50771,-1.92693,189.2108,402.6079407,-0.74473
-28609.2222,53.4842,341.623,8.25033,-1.54857,-0.65073,-0.7745,1.91139,-0.9485,314.3612,503.756897,-2.32
-19455.8038,-5.2658,131.382,3.04095,-0.75147,0.4314,-0.43668,0.39054,-1.09491,103.1206,275.5584412,0.31
-22857.8002,7.5601,244.574,0.00393442,0,-0.69461,-0.10239,0.06465,0,182.2646,424.5659485,-4.62
-19469.9453,2.3951,138.64,1.83624,-0.32787,-0.17835,-0.32787,0.22986,-0.32787,108.1396,283.9181213,-0.62
-23507.5871,113.3504,245.22,2.84606,0,-0.41714,-0.34873,0.21312,-0.177,213.2966,400.9724426,-5.593
-27828.7171,-274.4758,303.516,4.51215,-0.74369,0.74723,-0.37197,0.42383,-1.23885,284.1414,474.9406433,-4.8
-24516.2445,-182.4631,234.963,8.46483,-1.11432,0.55276,-0.42284,0.43272,-1.11432,216.1928,398.4504395,-3.58438
-32291.3728,0.0072,446.642,7.55809,-0.88013,0.53369,-0.44531,0.43603,-1.39613,352.4754,653.8265991,-5.628
-29890.2054,25.7628,433.33,3.15322,-0.91671,0.19458,-0.38362,0.22018,-1.30033,375.4664,626.8980713,-2.222
-31524.2749,535.1161,389.207,7.36472,-1.52945,1.20221,-0.44508,0.43035,-2.63283,349.4038,578.3925781,-1.232
-24437.3436,-32.0119,210.869,11.2566,-1.25944,0.78012,-0.48908,0.56953,-1.34748,214.1984,373.9623108,-3.22
-28856.9694,82.4333,349.249,1.75565,-0.39429,-0.06087,-0.39429,0.21248,-0.39429,228.4172,611.171814,-6.349999
-23261.3358,17.2649,193.089,7.19843,-0.78113,0.41672,-0.48041,0.43144,-1.26053,166.1792,365.6769409,-1.151
-35353.9377,50.6514,565.599,1.12098,-2.32425,0.98766,-0.46333,0.3793,-2.72485,465.6288,712.8771362,-5.15
-24501.8093,-51.4512,217.493,4.10568,-1.97004,1.26759,-0.46948,0.38882,-2.3588,189.1676,378.9170532,-0.711
-32828.2638,-20.6288,465.721,2.66656,-0.38688,0.38266,-0.38688,0.21026,-1.39597,403.9689,644.0458984,-4.24034
-27437.5085,-163.1283,288.185,1.93686,-0.75966,0.44744,-0.43643,0.3802,-0.75966,200.3204,508.2577209,-4.1
-31496.6067,47.8701,363.663,0.187357,-0.11774,0.51108,-0.11774,0.14123,-0.51106,443.7554,500.4089661,-11.522879
-28485.6479,513.5996,339.883,7.51106,-2.03739,0.12585,-0.7753,1.91069,-1.16243,296.3836,540.8913574,-4.21
-35216.7638,118.0356,421.007,9.36853,-1.66008,0.65461,-0.54457,0.7481,-1.22148,384.4579,661.9508057,-5.54
-22742.8453,131.9291,192.045,6.7886,-0.77172,-0.30855,-0.38697,0.52293,-0.24879,173.1708,344.504364,-3.58886
-28685.9807,-261.8725,321.713,4.30262,-1.1935,0.51801,-0.43897,0.42562,-1.53534,281.3104,511.5332947,-4.308
-30033.3442,78.1685,323.932,8.30882,-1.51172,0.43627,-0.42134,0.53,-1.49242,327.1232,506.5467529,-4.7
-21911.0378,12.9916,184.141,5.33587,-0.55014,0.37267,-0.55014,0.50458,-1.36156,150.1798,355.4942322,-0.95
-22389.8811,-30.3311,206.014,0.0455816,0,-0.47565,-0.09666,0.06791,0,156.2268,370.9074402,-4.29
-18870.5789,-53.1731,115.984,1.90784,-0.76834,0.60909,-0.43771,0.38133,-0.76834,88.106,266.5195923,-0.14
-27477.7593,-5.5058,357.258,0.958449,-1.09445,0.46342,-0.42597,0.38081,-1.44433,289.3736,529.9377441,-1.724
-27541.1105,1052.5895,290.356,6.9136,-2.03062,0.32537,-0.76895,1.91552,-1.25323,276.7373,486.8378906,-3.12561
-27511.9972,631.035,268.782,6.73373,-2.01405,0.45405,-0.60664,1.0733,-1.02366,263.2045,449.2121887,-3.68
-23835.3627,20.5963,243.084,6.33881,-0.48633,0.46747,-0.48633,0.39994,-1.31932,203.2432,412.8498535,-0.62
-33633.1041,-120.4512,449.339,2.58137,-0.97338,0.09542,-0.42043,0.40273,-1.11828,391.2932,688.1566162,-6.29
-20730.4753,-2.068,182.232,0.0253637,0,-0.01315,-0.07748,0.04029,0,114.2302,332.1711731,-4.8
-19828.5636,-2.9713,139.165,1.85312,-0.32915,-0.18378,-0.32915,0.22939,-0.32915,108.1396,289.015625,-0.68
-22998.7182,120.3543,191.538,6.51282,-1.50025,0.05433,-0.38022,0.52875,-0.45014,182.1354,343.8362427,-2.82
-18923.273,-47.9644,118.205,5.29755,-0.75725,0.55509,-0.42433,0.41131,-0.75725,88.106,262.5863647,-0.63
-20489.2342,-24.9336,147.39,2.08143,-0.74354,0.49171,-0.37753,0.28697,-1.05476,165.4035,271.437561,0.72
-19402.4773,12.4507,141.572,1.64933,0,-0.24441,-0.38757,0.19892,-0.38757,107.1548,290.0488586,-0.85
-22621.3838,112.6726,183.352,7.93857,-1.44343,0.48468,-0.38681,0.52679,-0.91664,179.1318,337.8959961,-2.651
-29792.2547,-260.972,331.267,3.43566,0,0.07024,-0.08381,0.10505,-0.47419,360.8816,485.2452698,-8.320027
-26718.5942,161.4481,283.597,2.57749,0,1.30006,-0.49542,0.40845,-1.95129,227.3268,482.278656,-3.04
-31228.3861,61.1456,465.878,6.10928,-1.42479,0.57846,-0.42027,0.35238,-1.42479,384.5144,594.7108154,-5.35
-33775.0763,-68.324,447.622,9.04076,-2.3919,-0.07249,-0.79027,1.90446,-1.00866,397.5017,661.3192139,-4.2
-25706.2839,23.2034,263.294,2.48153,-1.19381,0.97401,-0.46204,0.43667,-1.65585,219.2396,452.5095825,-1.609
-29602.216,26.4465,361.328,3.35612,-0.27125,0.47109,-0.3791,0.66526,-1.3724,309.3305,562.3121338,-1.59
-18774.9115,-85.6063,112.344,1.66417,-0.38003,0.34324,-0.38003,0.14919,-0.38003,74.1224,269.9963684,-0.09
-21218.9079,-56.4524,149.169,6.48699,-1.09854,-0.03705,-0.39001,0.52605,-0.57249,139.1104,296.1435547,-1.01
-24543.6965,866.2557,200.727,8.01362,-1.50199,0.40499,-0.43984,0.52312,-0.98398,246.0169,352.8575134,-2.966
-23269.0628,-184.7374,205.959,2.53444,-0.75751,0.19086,-0.38075,0.20959,-0.75751,146.229,372.1791687,-0.54
-24038.0417,-25.6475,208.558,0.0587803,0,0.16071,-0.03209,0.07392,-0.16071,260.762,355.1269531,-4.914971
-17718.5528,64.8404,104.108,1.71057,0,0.10532,-0.36818,0.1319,-0.36818,71.1218,239.5414429,1.15
-20595.7812,-8.9941,146.547,1.70991,-1.35308,0.14328,-0.62029,0.52307,-0.67871,140.0982,290.1119385,-0.68825
-25131.5213,162.8746,227.111,7.80594,-1.07544,0.15904,-0.39566,0.52743,-0.9236,196.2054,410.3777771,-3.159
-26626.201,-19.9534,291.148,1.84387,0,-0.1424,-0.11833,0.101,-0.385,291.9914,448.4660034,-6.940002
-24849.0549,63.7367,249.507,5.46782,-0.51552,1.42414,-0.51552,0.66264,-2.02105,232.2049,426.48349,-3.43
-32981.318,33.0011,425.965,8.49777,-1.51773,1.206,-0.46636,0.44962,-1.96239,384.2584,587.7645264,-5.682
-23037.2794,52.5554,233.719,1.65003,-0.72198,0.09558,-0.36202,0.35582,-0.72198,208.216,387.6257324,-5.19
-35397.577,-5.2236,516.104,0.00265325,-1.49672,0.90892,-0.43863,0.37826,-1.49672,370.5714,770.1970825,-5.064
-31110.556,77.1894,346.953,2.07537,-1.21427,0.8091,-0.5939,1.07518,-1.12282,350.5836,529.8200684,-5.513696
-23670.5005,62.6367,227.747,9.97469,-0.9703,1.49273,-0.4891,0.53145,-2.17076,185.2254,402.3886414,-2.15
-22631.9231,-103.8569,180.832,1.39836,-1.14032,1.03916,-0.38503,0.20117,-1.14032,134.1748,372.1161194,0.88
-21265.4488,-3.4028,201.512,0.0417247,0,-0.40231,-0.09579,0.07629,0,156.2268,358.5672302,-4.74
-25630.536,-104.3735,256.516,3.30191,-1.46449,1.08346,-0.50012,0.50075,-1.84937,223.228,443.4833679,-1.57
-25522.6525,9.8589,310.371,0.109486,0,-0.70223,-0.07576,0.0708,0,256.3464,470.7662964,-7.009999
-18937.6484,35.7213,130.713,4.56948,-0.46395,0.67934,-0.46395,0.37459,-0.89657,99.1322,275.8137512,1
-26007.0943,24.5078,275.623,2.56311,-0.45427,0.53329,-0.45427,0.29515,-0.8242,203.342,478.3268738,-3.37896
-25255.7867,110.2815,248.062,5.92583,-0.44381,-0.08204,-0.44381,0.3797,-0.77527,217.285,427.362915,-3.337
-30942.3885,121.3017,403.159,5.53897,-1.16527,0.19232,-0.47762,0.42456,-1.88856,328.4102,619.5836182,-1.3
-32035.834,-190.6582,382.456,9.35092,-1.84289,0.91785,-0.62191,1.06356,-1.46189,362.7642,579.9417114,-5.38
-18875.8642,-4.8163,135.562,1.57898,-0.37791,0.59815,-0.3858,0.15538,-0.76371,101.148,272.1585388,1
-28269.6515,-262.3878,295.695,2.21969,-0.39738,0.30058,-0.20233,0.11122,-0.69666,321.9744,456.3320313,-8.890084
-24781.6403,-51.0641,227.41,8.48864,-1.99064,-0.01941,-0.78651,1.89595,-1.08448,214.2386,403.2633057,-1.35405
-20886.9361,48.3256,152.538,2.88216,-0.85751,0.66367,-0.52649,0.50665,-1.21629,117.1474,322.1795959,-0.66
-21987.7355,10.9007,172.77,8.69061,-1.4742,0.32144,-0.43098,0.51606,-0.95814,167.1208,319.4908752,-1.474
-23275.075,-20.3732,269.848,0.00183238,0,-0.81241,-0.05641,0.07,0,228.2928,426.1617126,-6.74
-21920.1073,17.9912,174.571,3.13547,-0.76603,0.4277,-0.44746,0.38533,-1.12675,131.1742,350.2297974,-0.97469
-28652.6934,254.5789,355.237,2.45647,-0.75979,0.71701,-0.50055,0.50452,-1.14726,263.379,546.135498,-4.24
-29841.0995,228.6135,353.772,2.33051,-1.43092,1.02403,-0.38947,0.67461,-1.39962,335.2823,519.9810181,-5.53
-20058.786,-8.6375,144.45,3.90984,-0.71815,0.12855,-0.39095,0.35563,-0.71815,122.1232,283.5363159,-0.86
-34993.8153,24.7976,551.241,6.03774,-2.11675,0.92836,-0.41907,0.36052,-2.37818,476.5841,680.3357544,-4.9073
-35471.6612,-256.5355,552.535,4.94941,-2.11094,0.90022,-0.4194,0.36198,-2.37647,476.5841,696.6322021,-4.71
-22379.8697,68.8991,208.413,3.4217,0,0.17895,-0.37185,0.14123,-0.68571,162.234,361.3239441,0.79
-24494.9054,81.2718,214.131,3.71335,-2.5194,0.34618,-0.34516,0.60061,-0.72647,227.0872,395.6072388,-2.22
-31573.1616,119.3389,376.306,10.5558,-3.13473,0.66389,-0.77977,1.89542,-2.19536,362.3564,583.7888184,-2.517
-23409.6538,-363.3012,210.43,4.14252,-0.70113,0.14282,-0.37472,0.23095,-1.07585,167.2072,383.5526733,0.58
-27597.4602,3.086,314.952,3.71596,-0.43998,0.55241,-0.43998,0.29318,-0.96666,270.2164,481.8903198,-4.06988
-30954.8561,172.2034,408.39,9.23707,-1.19247,1.2146,-0.4778,0.46912,-2.28379,359.3995,585.4770508,-3.1811
-25833.7905,-71.9836,219.376,0.53561,-2.19127,0.20754,-0.36764,0.53158,-0.60191,227.133,380.2062683,-3.22
-26981.6714,1.4979,292.358,0.7015,-0.45708,0.52939,-0.45708,0.38279,-1.01304,259.7531,474.1920166,-1.72
-31650.4073,-78.138,353.189,5.52619,-2.23339,0.50027,-0.76029,1.39009,-0.8433,266.3167,587.9385986,-2.846
-30222.3654,-49.7165,346.474,5.01733,-1.67333,0.68939,-0.39669,0.51723,-1.35064,342.1348,536.3735352,-6
-25969.118,54.5064,291.806,3.22871,-0.46967,1.17012,-0.46967,0.44375,-1.80209,254.2908,464.4902039,-2.62
-18721.1422,-2.4283,127.625,3.06754,-0.365,0.22437,-0.365,0.26065,-0.365,86.1334,271.3504334,-0.12
-24142.9112,-119.9404,212.502,0.876199,0,0.13165,-0.3914,0.7394,-0.24173,239.5063,346.8347168,-4.98
-28069.5886,22.947,331.332,2.01021,-0.76611,0.20126,-0.44744,0.38517,-0.76611,228.374,578.755249,-5.33
-20964.7535,16.0518,187.571,0.000286301,0,-0.07927,-0.03129,0.02765,0,114.2302,373.4918213,-5.24
-21308.6473,-18.4814,196.602,1.34743,-0.16665,-0.41244,-0.16665,0.07673,-0.16665,168.1946,354.0545349,-4.51267
-24503.2054,-11.6861,291.363,0.136572,0,-0.81857,-0.06085,0.06969,0,252.3148,442.348999,-7.799998
-24510.5924,224.4118,206.551,10.0217,-1.76014,0.50047,-0.41844,0.52879,-1.23135,197.147,371.6324158,-2.014
-21519.6989,356.5304,153.556,9.34077,-0.81664,-0.12763,-0.40857,0.53403,-0.63718,138.1256,303.3133545,-2.37
-21854.872,-252.8953,168.26,3.70273,-0.63175,0.49059,-0.44328,0.48588,-1.035,169.5671,319.0333252,-2.77605
-16537.0716,19.0128,74.755,5.12385,-0.77854,0.62845,-0.42683,0.41657,-0.77854,60.0524,201.8628845,0.58
-19254.5536,-800.4292,108.671,6.05564,-0.38356,0.81917,-0.4633,0.36135,-1.24939,96.0884,243.8683777,0.59
-29487.6675,191.2753,376.182,9.76865,-1.18641,0.85711,-0.47709,0.46936,-2.17523,331.3459,552.2521973,-5.616
-23723.8388,-138.9674,230.655,4.82076,-0.37075,-0.43757,-0.37075,0.23201,-0.30867,198.2238,407.4526672,-3.75
-28855.6697,164.7946,314.442,1.12885,-1.95171,1.30651,-0.44402,0.43648,-2.36077,267.281,497.815033,0.43
-18720.1773,-61.1397,109.502,1.76586,-0.76396,0.48473,-0.44683,0.38738,-1.12372,89.0938,255.7904816,0.999479
-28505.0081,-148.083,325.654,0.18438,0,-0.29218,-0.11702,0.08432,-0.36536,318.0292,492.9644165,-6.899998
-23992.0981,-2.2072,222.293,5.57983,-1.01727,0.28151,-0.37469,0.23356,-1.39196,183.2066,394.1587524,-0.962
-38639.6797,261.1316,560.229,2.11249,-1.89208,1.55474,-0.438,0.37602,-3.06287,495.4016,822.428894,-1.59908
-26141.3766,279.6185,270.039,5.96983,-1.58464,1.42182,-0.42159,0.44453,-2.28896,258.233,446.1104736,-2.68
-24279.6395,-54.0895,243.126,3.92883,0,-0.38649,-0.12176,0.08073,-0.23863,223.1012,406.2637024,-5.28
-31816.2746,214.7043,389.998,7.74265,-0.94068,1.02259,-0.4126,0.33676,-2.09151,402.2467,608.4851685,-3.222
-24964.2108,-82.6016,246.859,5.26504,-1.91893,-0.83472,-0.77777,1.94607,-0.17614,251.333,406.7077637,-2.254
-21321.9204,10.3571,200.977,1.74666,0,-0.51518,-0.23873,0.22854,-0.23873,167.2098,359.0768738,-4.97
-25784.1908,131.8643,254.076,3.16337,-0.81288,0.40151,-0.49347,0.50884,-1.23642,223.6585,447.9688721,-2.62
-21055.1968,-27.4507,175.684,3.12576,-0.37967,-0.14123,-0.37967,0.20921,-0.73585,137.181,334.8883362,-0.48
-17184.0011,-323.5094,89.4465,8.65722,0,0.30124,-0.59003,0.30124,-1.20129,76.116,216.6707001,0.32
-21121.6122,14.0804,176.528,0.0506137,0,-0.27312,-0.19798,0.16645,0,110.1986,355.5775146,-3.66
-30549.9542,378.5349,366.562,4.13685,-2.96861,0.15988,-0.77232,1.92504,-1.01846,346.3574,545.2680054,-5.16
-20711.0598,57.1775,146.219,0.00406584,-1.51372,0.48366,-0.38717,0.21672,-1.51372,122.1206,292.4821777,0.7
-28914.1785,-11.8264,356.228,2.15256,-0.34517,-0.01532,-0.34517,0.24715,-0.8857,370.4895,507.0984192,-5.67
-24556.3051,41.6822,202.56,2.31151,-0.31113,0.08876,-0.31113,0.25164,-0.53745,276.9148,344.9935913,-3.33
-23506.1266,198.6385,200.678,9.55253,-1.35329,0.44556,-0.40125,0.53101,-0.82228,183.1634,370.4014587,-3.117
-27277.821,25.6483,310.326,1.88736,-0.76764,0.44299,-0.43691,0.3809,-0.76764,214.3472,549.3039551,-4.69
-30004.9746,-4.5978,340.181,3.28295,-1.91144,1.52282,-0.44046,0.43697,-2.32609,291.303,541.2770386,-2.084
-27032.1583,6.3876,258.993,3.28541,-2.22144,1.67957,-0.44065,0.37492,-2.22144,218.206,450.0582886,-0.6
-30662.8635,-13.0004,442.823,7.14749,-1.77869,0.56968,-0.38316,0.3296,-2.04072,392.4665,568.8005981,-3.7945
-26838.9204,-0.317,347.091,0.39427,0,0.01107,-0.38834,0.1781,-0.7397,266.3852,511.7869568,-1.527
-30659.9598,172.3227,428.61,2.73261,-0.46244,0.19464,-0.46244,0.37723,-1.45272,339.4796,604.3138428,-1.75
-24932.9484,-253.0677,271.408,0.9174,-1.20415,1.32404,-0.45255,0.5138,-1.91003,236.27,436.0276794,-2.76364
-23086.8246,4.7838,191.88,5.58075,-1.13999,0.49585,-0.38626,0.55607,-1.08386,171.1554,338.605896,-1.20351
-28891.473,-128.0799,333.382,11.8314,-3.44513,-1.18122,-0.79878,1.95056,0.04956,333.3916,522.2833862,-4.222
-28408.8421,210.38,305.731,8.88693,-2.05747,0.24532,-0.78246,1.91323,-1.54787,271.3336,515.7579346,-2.18
-13079.0476,-0.3084,53.1113,0.00196119,0,-0.17795,-0.08898,0.04454,0,28.0536,168.6442261,-0.4
-25685.4789,2.7797,238.497,8.52784,-2.33543,0.33525,-0.77072,1.91363,-1.40447,230.238,420.4824524,-1.66
-24191.193,6.3619,246.68,3.32883,-1.46726,0.84355,-0.41173,0.36696,-1.46726,210.2292,421.4405212,-1.2
-25525.1315,-74.8339,262.503,2.5847,0,-0.27917,-0.09061,0.10183,-0.26306,257.5463,426.9241028,-6.27
-29588.1088,523.9812,364.617,6.20761,-2.38574,0.38515,-0.77002,1.91083,-1.50851,324.394,572.0822144,-2.06
-27818.3894,169.4293,360.046,4.43628,-0.30131,0.02028,-0.30131,0.26928,-0.56569,290.4201,498.0870361,-6.79588
-28988.4424,236.1926,378.686,4.13981,-0.73473,-0.19527,-0.37261,0.29716,-0.73473,298.4242,516.3717651,-4.69398
-26806.0015,-854.5802,238.643,4.59244,-0.59251,0.62197,-0.31158,0.2107,-0.80561,241.5011,382.8556213,-4.37
-19468.7737,-1.7084,144.275,0.000288091,0,-0.04264,-0.03135,0.02767,0,86.1766,310.0846252,-3.84
-27327.0059,-4.1965,295.346,8.77382,-1.84691,-3.00E-05,-0.78928,1.90932,-1.24785,280.3008,485.3935547,-3.28
-23428.3316,36.1853,216.243,2.56412,0,-0.02633,-0.21763,0.0807,-0.21763,193.1263,404.6979675,-5.06
-23494.0433,235.3457,202.556,2.50316,-0.76279,0.60413,-0.50336,0.50559,-1.15,165.1914,383.9714355,-1.8
-27541.48,3.3895,372.275,1.85655,-0.32854,0.00902,-0.36358,0.23041,-0.69212,285.4284,537.7850952,-3.8032
-27508.0442,-114.0764,335.588,1.67245,-0.70192,-0.20493,-0.37261,0.22971,-0.70192,272.3864,482.1194763,-4.84
-32031.2878,62.1365,459.385,3.50234,-1.46133,0.66068,-0.43432,0.37263,-1.46133,372.5034,593.8684082,-4.63
-27605.5871,-28.3383,339.6,7.54334,0,0.14898,-0.3195,0.1754,-0.96447,308.7695,517.0610352,-3.433
-17657.0122,-100.4754,82.4982,6.81396,-0.72684,0.52083,-0.54352,0.52083,-1.41541,76.0548,213.0370331,1.12
-24816.4889,-26.0835,232.423,1.07332,0,0.2322,-0.10183,0.2174,-0.23221,272.773,357.1887512,-5.18
-21639.4251,33.2057,179.165,2.97949,-0.74176,0.36733,-0.43317,0.35498,-1.05746,149.2074,310.7606506,-0.13
-19450.3111,-41.4831,131.845,1.6897,-0.77832,0.59613,-0.44979,0.43767,-0.77832,100.117,283.2293396,-0.8
-26244.9363,-355.9541,253.916,10.4776,-3.1242,-1.31203,-0.79308,1.94522,0.31116,267.3324,420.0284119,-2.679
-29919.5538,74.4668,388.307,6.53808,-1.39654,0.45986,-0.37818,0.21183,-1.7338,309.4046,566.6673584,-1.008
-22392.2014,24.819,194.018,1.36279,-0.77149,0.31966,-0.45454,0.44136,-1.08177,173.1708,348.3623962,-0.043
-18687.0559,-215.9433,99.2661,6.29483,-0.46612,0.46402,-0.46612,0.35865,-1.03703,93.5127,230.4918518,-0.02
-28291.0024,-179.3635,318.14,11.187,-3.47263,-0.82018,-0.80086,1.96346,-0.36196,317.331,515.1323242,-3.024
-24486.463,164.3372,207.938,4.99542,-2.24131,0.55658,-0.43441,0.53059,-1.18066,212.1184,364.5610352,-2.417
-18684.2755,496.6325,95.5052,5.21093,-0.77049,0.59594,-0.42751,0.41639,-0.77049,74.0792,233.3253021,0.15
-32972.1775,-253.9975,362.406,1.79854,-0.35769,0.61477,-0.18247,0.11428,-0.72906,425.3097,508.2099915,-11.221848
-30485.9534,255.4382,340.324,0.334853,-0.37373,0.51331,-0.18713,0.11404,-0.72959,390.8646,492.6019287,-9.950782
-21826.8306,154.7225,169.689,6.48574,-1.51774,0.0245,-0.38062,0.52903,-0.45991,168.1086,318.8885193,-2.29
-24049.7731,4.774,272.176,0.00122423,0,-0.80197,-0.05986,0.06931,0,228.2928,431.6964417,-8.059982
-35894.0207,33.6829,534.137,14.1442,0,-0.60124,-0.49362,0.31622,-1.0435,475.4194,758.1863403,-6.244
-21603.4873,-3.5582,212.245,1.9704,-0.33894,0.10272,-0.33894,0.06573,-0.33894,154.2516,348.5737,-1.72074
-20587.2204,16.9505,160.244,1.39479,0,0.18668,-0.36943,0.13239,-0.36943,101.1912,336.5730896,-0.46
-14564.6416,-7.7696,62.706,3.40197,0,0.09692,-0.19031,0.13003,-0.19031,41.0524,181.0596008,0.26
-27721.1934,-2.5561,362.661,3.05432,-0.36231,-0.03233,-0.36231,0.21007,-1.00623,296.4114,533.8390503,-2.63
-19876.3148,6.4333,155.525,1.80669,-0.37185,0.08998,-0.37185,0.20738,-0.37185,102.176,306.9523315,-0.49
-30293.3892,-183.0597,374.38,6.47347,-2.96956,-0.46975,-0.80816,1.82445,-0.53537,379.3683,553.4072266,-3.8
-28852.3747,-123.142,308.511,2.85725,0,-0.04069,-0.09502,0.09843,-0.42563,326.4365,467.2084656,-7.050001
-30362.3532,8.5744,332.25,7.79893,-1.91207,0.78083,-0.41048,0.52488,-2.06307,323.1322,505.2296448,-1.9759
-31192.2201,-127.7148,434.01,2.55604,0,0.2644,-0.38761,0.18561,-1.02746,373.9427,606.1245728,-4.4
-25872.6461,287.3738,277.097,3.19644,0,1.46602,-0.48537,0.41957,-2.07776,229.7119,476.1960449,-4.43
-18743.3881,-183.9303,104.31,3.19964,-0.88157,1.00593,-0.49168,0.50003,-1.63833,100.0768,245.5355682,-0.4
-19491.7956,-3.9052,161.931,0.0256387,0,-0.1827,-0.03534,0.0229,0,112.2144,310.6614685,-4.15
-26915.642,-44.5065,332.012,1.87762,-1.17344,0.84884,-0.44209,0.43624,-1.58475,275.3468,528.7696533,-0.824
-24348.6606,6.3349,245.073,5.49001,-0.76457,-0.0171,-0.44896,0.42544,-1.09062,213.2354,421.0566711,-3.59
-24426.6609,-121.9198,241.648,6.82822,-1.915,-0.78727,-0.77834,1.9461,-0.02123,249.3172,399.55896,-3.552
-22639.7791,17.9172,196.859,4.01296,-1.53188,0.72017,-0.44738,0.38547,-1.53188,160.1694,378.1059265,-0.25192
-20853.0512,7.0636,165.849,1.79936,-0.75849,0.07656,-0.43991,0.38211,-0.75849,136.15,318.8439941,-0.88838
-24966.4944,20.7478,252.228,2.2843,-0.42363,0.07926,-0.21215,0.09582,-0.6365,253.0842,417.8428955,-7.180002
-25513.9111,227.2858,299.945,0.00752622,0,-0.37956,-0.26453,0.1025,-0.52812,256.3062,486.6873779,-5.4
-17827.6072,-6.4484,115.111,2.8214,0,-0.03693,-0.06708,0.0413,-0.13414,94.1894,250.3845673,-1.44
-22422.6787,63.6321,194.602,4.15383,-2.18723,0.90299,-0.38982,0.26316,-2.18723,180.1572,332.2939758,0.74
-25406.0981,-567.4943,239.503,7.45765,-1.23183,1.22259,-0.50348,0.46434,-2.36803,211.22,411.591217,-0.433
-27426.6297,104.6204,282.992,1.2615,-1.57243,1.2091,-0.44623,0.43656,-1.99411,237.2548,474.4179077,-1.09
-20521.5036,1.7717,161.238,1.85016,-0.39366,-0.18072,-0.39366,0.21361,-0.39366,122.1664,321.0632324,-0.74
-29917.2392,76.3831,317.013,2.52878,-0.38065,0.39873,-0.19065,0.1157,-0.68668,356.4195,472.3686829,-9.480172
-24010.7696,186.6777,226.159,5.70514,-1.39209,0.36832,-0.43351,0.39038,-1.73251,197.1902,385.0553589,-1.529
-28087.6347,49.2169,340.887,3.32174,-0.5605,0.69762,-0.38024,0.29377,-1.51063,293.7523,511.4438782,-3.61
-19976.841,237.3403,139.681,1.60459,-0.39307,-0.14875,-0.39307,0.2232,-0.39307,108.1396,291.7031555,-0.4
-22110.6943,94.4373,203.793,0.0441126,0,-0.40439,-0.09464,0.07466,0,156.2268,362.7072754,-4.72
-37211.9128,1289.8502,485.52,6.55189,-2.50848,0.42656,-0.62117,1.07188,-1.42368,466.4579,735.6398926,-6.24
-30710.4535,494.003,388.057,3.57778,-1.1935,1.09693,-0.47623,0.46894,-2.71196,364.351,562.9440308,-4.376
-21489.9433,-7.3192,164.623,4.07236,-1.39912,0.41711,-0.44089,0.43961,-1.39912,154.122,307.4003906,-0.10902
-21996.5242,-297.0098,164.423,0.00471652,-1.55142,0.68785,-0.38796,0.21239,-1.55142,136.1474,304.3575439,-0.44
-27897.0131,18.407,339.894,5.68215,-0.70237,0.3926,-0.44207,0.37799,-1.12088,271.3584,515.2086792,-3.57
-32758.5005,-525.3981,403.098,5.23005,-0.61981,1.26672,-0.43573,0.66329,-2.41903,394.3001,620.1217041,-6.897001
-23861.9261,44.6258,232.399,7.79474,-0.47188,0.19222,-0.47188,0.40978,-1.13848,221.6457,404.2071228,-2.80245
-29203.8373,147.8925,302.617,8.93119,-2.86413,0.40513,-0.74259,1.36385,-0.9756,275.1975,504.1974182,-2.059
-29561.3835,150.1727,338.558,1.1981,-1.56205,0.93701,-0.49872,0.50956,-2.1741,300.3134,570.8458862,-4.63
-29086.9157,-71.6251,337.781,5.67842,-2.11746,0.01405,-0.76565,1.90511,-1.11944,337.3676,513.2810669,-3.78351
-27120.3268,-63.9493,310.503,2.21849,-0.72958,0.54892,-0.42722,0.38647,-1.11634,247.3364,477.7671509,-1.89
-20434.5644,-346.5169,139.161,5.89181,-0.93983,1.063,-0.47829,0.50223,-1.59875,126.1146,286.1728821,-0.8
-29679.2055,214.2305,373.272,9.9908,-1.18665,1.00394,-0.47716,0.46935,-2.22161,331.3459,557.8894653,-5.405
-27100.075,-68.0709,292.483,2.22332,-0.52508,0.03685,-0.31437,0.24009,-0.83254,289.5451,461.0133667,-4.46
-19435.4521,-82.5338,116.258,1.99277,-0.76387,0.58772,-0.44154,0.37242,-0.76387,88.106,269.0452881,-0.04
-25820.0978,-319.3572,255.327,5.01739,-2.74324,-1.17705,-0.8298,1.94742,0.09596,267.3324,421.1669006,-1.57
-24749.5335,511.3007,236.226,7.41777,-0.78534,-0.36124,-0.3932,0.52714,-0.2582,211.2196,402.3962402,-4.723
-17747.122,0.8802,92.1932,5.06042,-0.55152,0.73814,-0.55152,0.50408,-1.37137,74.0822,232.3136902,1.13
-28698.0836,-365.9008,337.489,4.95886,-0.66813,0.31284,-0.43702,0.37393,-1.10217,298.3588,542.1179199,-4.87
-27300.1543,-68.7079,288.831,3.18376,-0.99196,-0.01848,-0.38656,0.52623,-0.66259,284.0982,462.3147583,-5.46
-32659.8689,-256.3166,418.295,8.18053,-2.28649,1.43576,-0.44853,0.42152,-2.82422,396.4322,621.1513672,-2.938
-21234.1696,44.3577,152.94,7.76483,-0.78442,-0.11751,-0.39249,0.52348,-0.63681,138.1256,303.3388062,-2.19
-29191.9793,556.2295,370.747,1.75478,-0.24268,0.8136,-0.40359,0.3309,-1.53759,327.8127,546.0799561,-4.419
-24327.9626,53.1754,288.706,0.00131038,0,-0.92663,-0.06614,0.06754,0,230.3086,476.9698486,-7.109998
-21257.0785,100.1858,175.988,0.0036595,0,-0.01779,-0.0936,0.09957,-0.28066,181.4487,316.5698242,-4.53587
-25669.0945,-32.0226,272.42,2.98444,-0.43383,0.0742,-0.45215,0.45967,-1.00747,231.2536,475.738678,-2.46
-26526.2467,-79.9023,259.896,6.7874,-0.67939,0.91773,-0.49362,0.51515,-1.52742,249.0962,439.3476257,-3.55543
-27196.261,670.9351,308.412,3.71137,-0.68639,0.7143,-0.39712,0.37785,-1.6381,254.3464,474.4495544,-3.46
-25608.1007,-86.9632,246.212,6.98771,-0.51226,0.95016,-0.51226,0.50889,-1.49537,233.0968,420.5604248,-3.82201
-18905.6955,-7.0672,126.453,3.10771,-0.36949,0.1926,-0.36949,0.25373,-0.36949,86.1334,282.2399292,-0.19
-32675.3417,-245.6725,438.091,2.94893,-0.93865,0.17911,-0.41332,0.40777,-1.05826,349.4286,642.5148926,-6.03
-21729.8032,21.9495,177.388,3.65931,-1.08748,0.21186,-0.43995,0.38221,-1.08748,152.1494,333.0469055,-0.94422
-20339.2292,3.6033,158.603,7.0575,0,-0.02656,-0.15344,0.08499,-0.30682,128.133,305.0411987,-2.38
-19868.7778,-9.4119,130.703,9.10779,-0.49075,0.90867,-0.49075,0.45251,-1.73529,129.0935,270.6947327,-1.05193
-29964.111,104.4287,345.918,6.40663,-1.19091,0.92323,-0.58455,1.08219,-1.28707,313.7384,556.0953979,-3.66
-25995.5018,-106.1144,277.719,2.82067,0,-0.46738,-0.37033,0.206,-0.45835,240.3222,462.1537781,-3.68
-23557.9861,102.5688,197.634,4.62766,-1.69934,0.57731,-0.3901,0.52623,-1.17311,197.147,355.0434875,-3.064
-16185.3104,-11.4161,70.2356,5.17815,-0.56113,0.50248,-0.56113,0.50248,-1.35083,60.0554,199.6749725,0.96
-23697.2803,-42.728,185.938,6.04821,-1.50866,0.03415,-0.38105,0.52624,-0.45634,182.1354,341.9424438,-3
-35223.3497,-80.0302,509.038,4.64084,-3.88919,1.69579,-0.38654,0.30232,-4.03583,457.4334,691.333374,-0.77
-32176.91,-604.7468,353.955,8.71756,-1.63015,0.62555,-0.81514,1.92294,-2.80577,337.4322,580.171875,-2.6468
-24947.269,-256.7977,231.733,3.75148,-1.20896,0.81843,-0.46933,0.3705,-1.67245,191.2446,399.303833,0.032
-19558.3832,-19.7052,145.299,2.48931,0,0.01787,-0.30163,0.09096,-0.30163,107.1548,299.4517822,0.4
-26553.5051,104.9949,269.904,3.52084,-1.66798,1.21333,-0.47864,0.43688,-2.4229,236.2268,461.9148254,-1.498
-30912.0302,-125.0348,450.269,6.72933,-1.43847,0.34775,-0.39761,0.40505,-1.43847,374.5192,576.3969727,-4.574
-22631.7414,-329.3024,193.378,5.36851,-0.92452,1.52506,-0.47696,0.51316,-2.07821,180.1658,349.1856995,-2.58679
-24467.6453,1229.1808,198.414,6.69891,-1.64595,0.60694,-0.7297,1.07884,-1.12449,183.1617,369.0360718,0.54
-21788.0022,3.5097,181.35,6.09854,-0.81011,0.17092,-0.48064,0.3701,-1.1843,151.1646,340.4301147,-2.38601
-24523.4161,26.62,230.891,0.745214,-1.5162,0.63144,-0.4435,0.39048,-1.587,210.2626,410.6345215,-0.19
-22356.4912,876.3266,184.119,6.64099,-1.58402,-0.47182,-0.79242,1.90343,-0.3731,171.2136,338.4365234,-2.02
-24080.381,-26.4394,233.772,2.36494,0,-0.61233,-0.3846,0.19928,-0.3846,193.2476,399.208313,-5.17
-25847.6674,1.6834,263.198,8.43644,-1.56971,-0.19482,-0.79103,1.90957,-1.13566,250.2746,438.167572,-3.7
-27480.728,-887.0164,272.107,3.32991,-0.7608,0.60747,-0.50346,0.50678,-1.12535,225.305,457.8319397,-3.921
-26512.1185,130.9092,292.482,3.37786,-0.65439,2.11185,-0.43595,0.48972,-2.24473,238.2888,492.7565308,-1.95
-24605.3076,88.784,288.201,4.90596,-0.52821,0.78802,-0.52821,0.50746,-1.38946,222.3296,460.130188,-3.01
-21939.586,31.1595,204.738,0.0447268,0,-0.39886,-0.10922,0.07747,0,156.2268,372.1121826,-4.89
-20878.8521,-28.3581,161.402,4.21506,-0.87373,0.3201,-0.43977,0.31763,-0.87373,140.1384,317.0773926,-0.89378
-26989.6938,11.8398,353.225,3.16291,-0.33379,-0.07361,-0.33379,0.28118,-0.33379,274.4454,485.6750793,-6.7
-24715.581,19.4362,272.173,4.7525,-0.34778,0.05223,-0.37923,0.25805,-0.74755,225.3482,389.5557556,-3.716
-27822.1391,191.7587,321.63,2.43136,-1.39486,0.76441,-0.44363,0.36767,-1.7228,265.3084,509.7983398,-1.61
-20794.5645,48.9612,137.506,2.01193,-0.76317,0.5685,-0.44137,0.37238,-0.76317,102.1328,301.2148438,-0.72
-16112.9333,-5.6863,85.6062,0.381662,-0.13891,-0.32476,-0.15839,0.13969,-0.13891,68.075,214.0557251,-0.82
-16448.9499,-7.9144,82.5698,2.49451,0,0.24204,-0.2036,0.24204,-0.40685,84.9328,201.4446259,-0.63
-26854.1174,-560.6778,308.411,5.83316,0,0.97858,-0.45656,0.2897,-1.66926,270.3514,471.5574951,-4.63
-18047.0293,-12.333,114.16,1.45729,-0.37426,0.36596,-0.37426,0.13749,-0.74351,87.1212,252.3343048,1.06
-21013.074,-17.5652,160.432,0.520048,-0.76987,0.66199,-0.44133,0.44308,-1.09185,137.1378,315.7475586,-0.46
-32886.7388,-84.7589,490.259,5.58544,-2.07176,0.93596,-0.38249,0.32948,-2.33296,434.5037,593.7130737,-4.32
-22427.6661,30.0056,218.077,0.133004,0,-0.66261,-0.06015,0.0687,0,178.233,371.7520752,-5.258842
-19799.3059,47.0641,138.201,2.09049,-0.77091,-0.09561,-0.45236,0.4554,-0.50178,128.1454,272.9131775,-1.47
-24014.625,532.3381,196.368,5.46643,-1.51946,0.55097,-0.42836,0.52152,-0.99794,181.1476,362.2937317,-3.035
-21942.0884,183.4639,177.815,6.09707,0,0.03275,-0.13806,0.09565,-0.31677,172.0134,315.5201416,-4.24
-33675.5927,-21.0265,478.703,3.81791,-0.8935,-0.09167,-0.35702,0.21644,-0.8935,376.4944,722.4853516,-8.59998
-23381.3212,-0.8919,235.678,2.87217,-0.37294,-0.45257,-0.37294,0.35592,-0.16339,212.2656,387.5991516,-5.54
-27378.8837,-1239.3206,267.843,1.88794,-0.7676,0.47949,-0.43688,0.38094,-0.7676,186.2936,490.0866089,-4.63
-23547.8901,-31.3988,244.836,0.00219346,0,-0.3909,-0.1217,0.08104,-0.2433,223.1012,408.0617371,-6.56
-22508.7407,-50.1159,227.04,0.0658703,0,-0.05567,-0.07938,0.07319,0,162.2742,383.672699,-5.23
-27726.2421,-28.5992,312.023,2.90889,-1.563,1.05107,-0.44332,0.43674,-1.98778,263.2926,498.6098328,-1.349
-30012.0465,-409.8594,368.473,9.17598,-0.44648,0.5152,-0.44648,0.66201,-1.42655,329.3209,562.6322021,-4.44
-27979.3356,24.5699,307.673,7.99705,-1.56432,0.12802,-0.78983,1.90814,-1.33749,278.3282,501.8950806,-2.27725
-23274.8343,13.0072,254.525,2.27577,0,-0.63515,-0.36304,0.20425,-0.36304,217.2696,404.5418396,-0.61272
-29782.2713,224.7478,381.334,7.43803,-0.45398,0.58956,-0.45398,0.36276,-1.28821,307.3944,575.1503296,-1.297
-25764.9876,459.5432,254.065,4.9662,-1.42036,0.98591,-0.40848,0.54394,-1.27668,214.2206,430.449646,-4.331
-25596.4876,68.6031,267.028,2.01547,-0.76611,0.25616,-0.44747,0.38516,-0.76611,186.2936,485.3204651,-3.55
-21853.5651,48.1538,172.485,4.3667,-1.2427,0.78711,-0.48795,0.37142,-1.94453,146.1456,317.3765259,-0.55
-31111.8098,-788.8264,384.252,6.41842,-1.18199,1.59799,-0.47824,0.47072,-2.47601,351.3522,560.2598267,-2.3328
-20590.5791,-69.4921,159.921,0.0107252,0,-0.21218,-0.13072,0.0613,0,98.1876,333.22052,-3.73
-26395.428,-39.5752,266.556,9.66165,-3.47505,-1.14793,-0.7876,1.94937,-0.0608,283.3318,426.7894592,-1.589
-28934.4266,117.4627,307.789,3.77918,-1.03141,0.99295,-0.38885,0.36631,-1.69059,318.5433,466.1365662,-5.03
-19581.5256,5.0024,161.917,0.019152,0,0.03598,-0.12932,0.05259,0,100.2034,301.1340332,-4.36
-36795.6109,166.7459,505.088,11.8371,-2.49933,0.84383,-0.77417,1.91123,-2.46231,445.5354,771.5485229,-5.4881
-22796.5336,166.0655,193.091,7.34843,-0.78656,-0.29955,-0.39465,0.52402,-0.26254,173.1708,348.5960083,-3.824
-20652.0244,16.7073,158.648,3.47575,-0.30638,0.40732,-0.34031,0.29036,-0.86079,142.1752,304.7593689,-2.45
-19653.9149,12.2079,158.408,1.25272,0,0.35393,-0.37072,0.09328,-0.37072,101.1912,318.6445923,-0.14
-26299.5018,-5.3731,333.525,3.06734,-0.35837,-0.38839,-0.36906,0.20828,-0.72743,267.37,484.0611877,-1.386
-37434.1096,497.7903,549.275,9.47651,-2.76983,0.78547,-0.77421,1.91223,-2.41,494.0043,820.3442993,-5.09
-28200.7782,5.6402,292.426,8.04177,-2.00202,0.52071,-0.60926,1.07279,-1.02197,277.2313,474.7462769,-4.14976
-25547.9087,27.8655,262.71,2.71043,-1.09138,0.40269,-0.44592,0.43622,-1.09138,208.2566,465.2845154,-3.813
-30146.769,-329.0945,333.063,3.43526,0,0.06729,-0.09259,0.11022,-0.45453,360.8816,485.8082886,-7.659992
-19110.6628,-58.4017,112.564,1.83988,-0.80931,0.69326,-0.48332,0.52183,-1.22721,103.0804,250.5993347,-0.85
-21558.62,252.8999,164.903,2.80639,-0.69789,0.30609,-0.39757,0.35678,-0.69789,136.15,323.0278931,-1.49
-29889.1016,543.2065,356.936,5.06689,-2.16789,0.25038,-0.76994,1.88535,-1.27595,351.3944,542.7979736,-2.99568
-30270.1758,308.6197,353.809,2.3114,-1.43052,1.02066,-0.3897,0.67459,-1.39884,335.2823,519.8405762,-5.68
-25180.3554,-65.5897,277.194,5.25509,-0.91537,0.88122,-0.46357,0.50142,-1.53724,234.2974,453.0004883,-4.59
-17889.4991,8.9072,105.855,3.04336,-0.37879,0.23208,-0.37879,0.3019,-0.37879,72.1066,252.3025055,-0.01
-17729.9786,-2.2429,104.457,3.11868,-0.37023,0.21254,-0.37023,0.25428,-0.37023,72.1066,249.5191193,0.52
-27653.21,65.5157,337.132,1.86094,-1.1773,0.95175,-0.44096,0.4365,-1.58148,263.3358,500.6204224,-3.341
-24521.2552,-27.9674,262.735,0.0487726,0,-0.6198,-0.09572,0.07196,0,206.2866,436.2971191,-6.89
-17981.4444,-5.1278,112.34,1.71752,-0.39226,0.17334,-0.39226,0.21181,-0.39226,74.1224,255.2703552,0.04
-27294.2293,-116.4033,328.061,6.18017,-0.25817,0.28121,-0.25817,0.12335,-0.82118,389.3199,442.5428467,-6.151085
-36016.8725,-159.0484,502.817,3.69937,-0.93048,0.67991,-0.40963,0.66462,-1.78062,449.8562,742.619751,-8.179996
-24315.3222,753.0879,202.519,6.56048,-1.8156,0.2184,-0.38463,0.53157,-0.75381,198.1348,355.7371521,-1.46
-27442.6916,105.5227,326.791,2.92169,-1.53865,0.83186,-0.49242,0.50455,-1.91131,265.3084,515.7813721,-2.1549
-22668.0223,-17.7237,218.713,0.0340903,0,-0.59212,-0.10752,0.07833,0,168.2378,389.8683777,-4.62
-29382.3655,-65.6502,331.903,9.3275,-2.10108,0.81956,-0.78846,1.90831,-2.01373,310.327,530.7507324,-2.96
-28650.0306,-74.7287,326.331,7.62025,-2.46905,0.12813,-0.79414,1.92006,-1.68165,330.7423,521.4887085,-3.80528
